zoneId;isDestination;NAME;zoneClassification;AirDistanceOffset;AreaType
1;1;Zone 20606113501;0;0;0
2;1;Zone 20606113502;0;0;0
3;1;Zone 20606113503;0;0;0
4;1;Zone 20606113504;0;0;0
5;1;Zone 20606113505;0;0;0
6;1;Zone 20606113506;0;0;0
7;1;Zone 20606113507;0;0;0
8;1;Zone 20606113516;0;0;0
9;1;Zone 20606113517;0;0;0
10;1;Zone 20606113518;0;0;0
11;1;Zone 20606113519;0;0;0
12;1;Zone 20606113809;0;0;0
13;1;Zone 20606113810;0;0;0
14;1;Zone 20606113811;0;0;0
15;1;Zone 20606113820;0;0;0
16;1;Zone 20606113832;0;0;0
17;1;Zone 20701114601;0;0;0
18;1;Zone 20701114602;0;0;0
19;1;Zone 20701114603;0;0;0
20;1;Zone 20701114604;0;0;0
21;1;Zone 20701114605;0;0;0
22;1;Zone 20701114606;0;0;0
23;1;Zone 20701114607;0;0;0
24;1;Zone 20701114608;0;0;0
25;1;Zone 20701114609;0;0;0
26;1;Zone 20701114610;0;0;0
27;1;Zone 20701114611;0;0;0
28;1;Zone 20701114612;0;0;0
29;1;Zone 20701114613;0;0;0
30;1;Zone 20701114614;0;0;0
31;1;Zone 20701114615;0;0;0
32;1;Zone 20701114616;0;0;0
33;1;Zone 20701114617;0;0;0
34;1;Zone 20701114618;0;0;0
35;1;Zone 20701114619;0;0;0
36;1;Zone 20701114701;0;0;0
37;1;Zone 20701114702;0;0;0
38;1;Zone 20701114703;0;0;0
39;1;Zone 20701114704;0;0;0
40;1;Zone 20701114705;0;0;0
41;1;Zone 20701114706;0;0;0
42;1;Zone 20701114707;0;0;0
43;1;Zone 20701114708;0;0;0
44;1;Zone 20701114709;0;0;0
45;1;Zone 20701114710;0;0;0
46;1;Zone 20701114711;0;0;0
47;1;Zone 20701114712;0;0;0
48;1;Zone 20701114713;0;0;0
49;1;Zone 20701114714;0;0;0
50;1;Zone 20701114715;0;0;0
51;1;Zone 20701114716;0;0;0
52;1;Zone 20701114717;0;0;0
53;1;Zone 20701114718;0;0;0
54;1;Zone 20701114721;0;0;0
55;1;Zone 20701114722;0;0;0
56;1;Zone 20701114723;0;0;0
57;1;Zone 20701114724;0;0;0
58;1;Zone 20701114725;0;0;0
59;1;Zone 20701114726;0;0;0
60;1;Zone 20701114727;0;0;0
61;1;Zone 20701114728;0;0;0
62;1;Zone 20701114729;0;0;0
63;1;Zone 20701114730;0;0;0
64;1;Zone 20701114731;0;0;0
65;1;Zone 20701114732;0;0;0
66;1;Zone 20701114733;0;0;0
67;1;Zone 20701114734;0;0;0
68;1;Zone 20701114735;0;0;0
69;1;Zone 20701114801;0;0;0
70;1;Zone 20701114802;0;0;0
71;1;Zone 20701114803;0;0;0
72;1;Zone 20701114804;0;0;0
73;1;Zone 20701114805;0;0;0
74;1;Zone 20701114806;0;0;0
75;1;Zone 20701114807;0;0;0
76;1;Zone 20701114808;0;0;0
77;1;Zone 20701114809;0;0;0
78;1;Zone 20701114810;0;0;0
79;1;Zone 20701114811;0;0;0
80;1;Zone 20701114812;0;0;0
81;1;Zone 20701114813;0;0;0
82;1;Zone 20701114814;0;0;0
83;1;Zone 20701114848;0;0;0
84;1;Zone 20701114849;0;0;0
85;1;Zone 20701114901;0;0;0
86;1;Zone 20701114902;0;0;0
87;1;Zone 20701114903;0;0;0
88;1;Zone 20701114904;0;0;0
89;1;Zone 20701114905;0;0;0
90;1;Zone 20701114906;0;0;0
91;1;Zone 20701114907;0;0;0
92;1;Zone 20701114908;0;0;0
93;1;Zone 20701114909;0;0;0
94;1;Zone 20701114910;0;0;0
95;1;Zone 20701114911;0;0;0
96;1;Zone 20701114912;0;0;0
97;1;Zone 20701114913;0;0;0
98;1;Zone 20701114914;0;0;0
99;1;Zone 20701114915;0;0;0
100;1;Zone 20701114916;0;0;0
101;1;Zone 20701114917;0;0;0
102;1;Zone 20701114918;0;0;0
103;1;Zone 20701114919;0;0;0
104;1;Zone 20701114920;0;0;0
105;1;Zone 20701114921;0;0;0
106;1;Zone 20701114922;0;0;0
107;1;Zone 20701114923;0;0;0
108;1;Zone 20701114924;0;0;0
109;1;Zone 20701114925;0;0;0
110;1;Zone 20701114926;0;0;0
111;1;Zone 20701114927;0;0;0
112;1;Zone 20701114928;0;0;0
113;1;Zone 20701114929;0;0;0
114;1;Zone 20701114930;0;0;0
115;1;Zone 20701114931;0;0;0
116;1;Zone 20701114932;0;0;0
117;1;Zone 20701114933;0;0;0
118;1;Zone 20701114934;0;0;0
119;1;Zone 20701114936;0;0;0
120;1;Zone 20701114937;0;0;0
121;1;Zone 20701114938;0;0;0
122;1;Zone 20701114939;0;0;0
123;1;Zone 20701114940;0;0;0
124;1;Zone 20701114941;0;0;0
125;1;Zone 20701114942;0;0;0
126;1;Zone 20701114943;0;0;0
127;1;Zone 20701114944;0;0;0
128;1;Zone 20701114945;0;0;0
129;1;Zone 20701114946;0;0;0
130;1;Zone 20701114947;0;0;0
131;1;Zone 20701114948;0;0;0
132;1;Zone 20701114949;0;0;0
133;1;Zone 20701114950;0;0;0
134;1;Zone 20701114951;0;0;0
135;1;Zone 20701115001;0;0;0
136;1;Zone 20701115002;0;0;0
137;1;Zone 20701115003;0;0;0
138;1;Zone 20701115004;0;0;0
139;1;Zone 20701115005;0;0;0
140;1;Zone 20701115006;0;0;0
141;1;Zone 20701115007;0;0;0
142;1;Zone 20701115008;0;0;0
143;1;Zone 20701115009;0;0;0
144;1;Zone 20701115010;0;0;0
145;1;Zone 20701115011;0;0;0
146;1;Zone 20701115012;0;0;0
147;1;Zone 20701115013;0;0;0
148;1;Zone 20701115014;0;0;0
149;1;Zone 20701115015;0;0;0
150;1;Zone 20701115016;0;0;0
151;1;Zone 20701115017;0;0;0
152;1;Zone 20701115018;0;0;0
153;1;Zone 20701115019;0;0;0
154;1;Zone 20701115020;0;0;0
155;1;Zone 20701115021;0;0;0
156;1;Zone 20701115022;0;0;0
157;1;Zone 20701115023;0;0;0
158;1;Zone 20701115024;0;0;0
159;1;Zone 20701115025;0;0;0
160;1;Zone 20701115026;0;0;0
161;1;Zone 20701115028;0;0;0
162;1;Zone 20701115029;0;0;0
163;1;Zone 20701115030;0;0;0
164;1;Zone 20701115031;0;0;0
165;1;Zone 20701115032;0;0;0
166;1;Zone 20701115033;0;0;0
167;1;Zone 20701115034;0;0;0
168;1;Zone 20701115035;0;0;0
169;1;Zone 20701115036;0;0;0
170;1;Zone 20701115037;0;0;0
171;1;Zone 20701115038;0;0;0
172;1;Zone 20701115039;0;0;0
173;1;Zone 20701115040;0;0;0
174;1;Zone 20701115041;0;0;0
175;1;Zone 20701115124;0;0;0
176;1;Zone 20701115125;0;0;0
177;1;Zone 20701115126;0;0;0
178;1;Zone 20701115127;0;0;0
179;1;Zone 20701115130;0;0;0
180;1;Zone 20701115131;0;0;0
181;1;Zone 20701115147;0;0;0
182;1;Zone 20701115201;0;0;0
183;1;Zone 20701115202;0;0;0
184;1;Zone 20701115203;0;0;0
185;1;Zone 20701115204;0;0;0
186;1;Zone 20701115205;0;0;0
187;1;Zone 20701115206;0;0;0
188;1;Zone 20701115207;0;0;0
189;1;Zone 20701115208;0;0;0
190;1;Zone 20701115209;0;0;0
191;1;Zone 20701115210;0;0;0
192;1;Zone 20701115211;0;0;0
193;1;Zone 20701115212;0;0;0
194;1;Zone 20701115213;0;0;0
195;1;Zone 20701115214;0;0;0
196;1;Zone 20701115215;0;0;0
197;1;Zone 20701115216;0;0;0
198;1;Zone 20701115217;0;0;0
199;1;Zone 20701115219;0;0;0
200;1;Zone 20701115220;0;0;0
201;1;Zone 20701115221;0;0;0
202;1;Zone 20701115222;0;0;0
203;1;Zone 20701115223;0;0;0
204;1;Zone 20701115224;0;0;0
205;1;Zone 20701115225;0;0;0
206;1;Zone 20701115226;0;0;0
207;1;Zone 20701115227;0;0;0
208;1;Zone 20701115228;0;0;0
209;1;Zone 20701115229;0;0;0
210;1;Zone 20701115230;0;0;0
211;1;Zone 20701115231;0;0;0
212;1;Zone 20701115321;0;0;0
213;1;Zone 20701115322;0;0;0
214;1;Zone 20701115324;0;0;0
215;1;Zone 20701115501;0;0;0
216;1;Zone 20701115502;0;0;0
217;1;Zone 20701115503;0;0;0
218;1;Zone 20701115504;0;0;0
219;1;Zone 20701115505;0;0;0
220;1;Zone 20701115506;0;0;0
221;1;Zone 20701115507;0;0;0
222;1;Zone 20701115508;0;0;0
223;1;Zone 20701115509;0;0;0
224;1;Zone 20701115510;0;0;0
225;1;Zone 20701115511;0;0;0
226;1;Zone 20701115512;0;0;0
227;1;Zone 20701115513;0;0;0
228;1;Zone 20701115514;0;0;0
229;1;Zone 20701115515;0;0;0
230;1;Zone 20701115516;0;0;0
231;1;Zone 20701115517;0;0;0
232;1;Zone 20701115518;0;0;0
233;1;Zone 20701115519;0;0;0
234;1;Zone 20701115520;0;0;0
235;1;Zone 20701115521;0;0;0
236;1;Zone 20701115522;0;0;0
237;1;Zone 20701115523;0;0;0
238;1;Zone 20701115524;0;0;0
239;1;Zone 20701115525;0;0;0
240;1;Zone 20701115526;0;0;0
241;1;Zone 20701115527;0;0;0
242;1;Zone 20701115528;0;0;0
243;1;Zone 20701115529;0;0;0
244;1;Zone 20701115530;0;0;0
245;1;Zone 20701115531;0;0;0
246;1;Zone 20701115532;0;0;0
247;1;Zone 20701115533;0;0;0
248;1;Zone 20701115534;0;0;0
249;1;Zone 20701115535;0;0;0
250;1;Zone 20701115536;0;0;0
251;1;Zone 20701115537;0;0;0
252;1;Zone 20701115538;0;0;0
253;1;Zone 20701115539;0;0;0
254;1;Zone 20701115540;0;0;0
255;1;Zone 20701115541;0;0;0
256;1;Zone 20701115542;0;0;0
257;1;Zone 20701115543;0;0;0
258;1;Zone 20702115701;0;0;0
259;1;Zone 20702115720;0;0;0
260;1;Zone 20702115724;0;0;0
261;1;Zone 20702115727;0;0;0
262;1;Zone 20702115728;0;0;0
263;1;Zone 20702115729;0;0;0
264;1;Zone 20702115731;0;0;0
265;1;Zone 20702115732;0;0;0
266;1;Zone 20702115733;0;0;0
267;1;Zone 20702115734;0;0;0
268;1;Zone 20702115735;0;0;0
269;1;Zone 20702115742;0;0;0
270;1;Zone 20702115744;0;0;0
271;1;Zone 20702142506;0;0;0
272;1;Zone 20702142508;0;0;0
273;1;Zone 20702142513;0;0;0
274;1;Zone 20702142515;0;0;0
275;1;Zone 20702142516;0;0;0
276;1;Zone 20702142520;0;0;0
277;1;Zone 20702142524;0;0;0
278;1;Zone 20702142525;0;0;0
279;1;Zone 20702142528;0;0;0
280;1;Zone 20702142529;0;0;0
281;1;Zone 20702142531;0;0;0
282;1;Zone 20702142532;0;0;0
283;1;Zone 20702142533;0;0;0
284;1;Zone 20702142535;0;0;0
285;1;Zone 20703116101;0;0;0
286;1;Zone 20703116102;0;0;0
287;1;Zone 20703116103;0;0;0
288;1;Zone 20703116104;0;0;0
289;1;Zone 20703116105;0;0;0
290;1;Zone 20703116106;0;0;0
291;1;Zone 20703116107;0;0;0
292;1;Zone 20703116108;0;0;0
293;1;Zone 20703116109;0;0;0
294;1;Zone 20703116110;0;0;0
295;1;Zone 20703116111;0;0;0
296;1;Zone 20703116112;0;0;0
297;1;Zone 20703116113;0;0;0
298;1;Zone 20703116114;0;0;0
299;1;Zone 20703116115;0;0;0
300;1;Zone 20703116116;0;0;0
301;1;Zone 20703116117;0;0;0
302;1;Zone 20703116118;0;0;0
303;1;Zone 20703116119;0;0;0
304;1;Zone 20703116120;0;0;0
305;1;Zone 20703116121;0;0;0
306;1;Zone 20703116122;0;0;0
307;1;Zone 20703116123;0;0;0
308;1;Zone 20703116124;0;0;0
309;1;Zone 20703116125;0;0;0
310;1;Zone 20703116126;0;0;0
311;1;Zone 20703116127;0;0;0
312;1;Zone 20703116128;0;0;0
313;1;Zone 20703116129;0;0;0
314;1;Zone 20703116130;0;0;0
315;1;Zone 20703116131;0;0;0
316;1;Zone 20703116132;0;0;0
317;1;Zone 20703116133;0;0;0
318;1;Zone 20703116134;0;0;0
319;1;Zone 20703116135;0;0;0
320;1;Zone 20703116136;0;0;0
321;1;Zone 20703116137;0;0;0
322;1;Zone 20703116138;0;0;0
323;1;Zone 20703116139;0;0;0
324;1;Zone 20703116140;0;0;0
325;1;Zone 20703116141;0;0;0
326;1;Zone 20703116142;0;0;0
327;1;Zone 20703116143;0;0;0
328;1;Zone 20703116144;0;0;0
329;1;Zone 20703116145;0;0;0
330;1;Zone 20703116201;0;0;0
331;1;Zone 20703116202;0;0;0
332;1;Zone 20703116203;0;0;0
333;1;Zone 20703116204;0;0;0
334;1;Zone 20703116205;0;0;0
335;1;Zone 20703116206;0;0;0
336;1;Zone 20703116207;0;0;0
337;1;Zone 20703116208;0;0;0
338;1;Zone 20703116209;0;0;0
339;1;Zone 20703116210;0;0;0
340;1;Zone 20703116211;0;0;0
341;1;Zone 20703116212;0;0;0
342;1;Zone 20703116213;0;0;0
343;1;Zone 20703116214;0;0;0
344;1;Zone 20703116215;0;0;0
345;1;Zone 20703116216;0;0;0
346;1;Zone 20703116217;0;0;0
347;1;Zone 20703116218;0;0;0
348;1;Zone 20703116219;0;0;0
349;1;Zone 20703116220;0;0;0
350;1;Zone 20703116221;0;0;0
351;1;Zone 20703116222;0;0;0
352;1;Zone 20703116223;0;0;0
353;1;Zone 20703116224;0;0;0
354;1;Zone 20703116225;0;0;0
355;1;Zone 20703116301;0;0;0
356;1;Zone 20703116302;0;0;0
357;1;Zone 20703116303;0;0;0
358;1;Zone 20703116304;0;0;0
359;1;Zone 20703116305;0;0;0
360;1;Zone 20703116306;0;0;0
361;1;Zone 20703116307;0;0;0
362;1;Zone 20703116308;0;0;0
363;1;Zone 20703116309;0;0;0
364;1;Zone 20703116310;0;0;0
365;1;Zone 20703116311;0;0;0
366;1;Zone 20703116312;0;0;0
367;1;Zone 20703116313;0;0;0
368;1;Zone 20703116314;0;0;0
369;1;Zone 20703116315;0;0;0
370;1;Zone 20703116316;0;0;0
371;1;Zone 20703116318;0;0;0
372;1;Zone 20703116319;0;0;0
373;1;Zone 20703116320;0;0;0
374;1;Zone 20703116321;0;0;0
375;1;Zone 20703116322;0;0;0
376;1;Zone 20703116323;0;0;0
377;1;Zone 20703116324;0;0;0
378;1;Zone 20703116325;0;0;0
379;1;Zone 20703116326;0;0;0
380;1;Zone 20703116327;0;0;0
381;1;Zone 20703116328;0;0;0
382;1;Zone 20703116329;0;0;0
383;1;Zone 20703116330;0;0;0
384;1;Zone 20703116331;0;0;0
385;1;Zone 20703116332;0;0;0
386;1;Zone 20703116333;0;0;0
387;1;Zone 20703116334;0;0;0
388;1;Zone 20703116335;0;0;0
389;1;Zone 20703116336;0;0;0
390;1;Zone 20703116337;0;0;0
391;1;Zone 20703116338;0;0;0
392;1;Zone 20703116339;0;0;0
393;1;Zone 20703116340;0;0;0
394;1;Zone 20703116341;0;0;0
395;1;Zone 20703116342;0;0;0
396;1;Zone 20703116343;0;0;0
397;1;Zone 20703116344;0;0;0
398;1;Zone 20703116401;0;0;0
399;1;Zone 20703116402;0;0;0
400;1;Zone 20703116403;0;0;0
401;1;Zone 20703116404;0;0;0
402;1;Zone 20703116405;0;0;0
403;1;Zone 20703116406;0;0;0
404;1;Zone 20703116407;0;0;0
405;1;Zone 20703116408;0;0;0
406;1;Zone 20703116409;0;0;0
407;1;Zone 20703116410;0;0;0
408;1;Zone 20703116411;0;0;0
409;1;Zone 20703116412;0;0;0
410;1;Zone 20703116413;0;0;0
411;1;Zone 20703116414;0;0;0
412;1;Zone 20703116415;0;0;0
413;1;Zone 20703116416;0;0;0
414;1;Zone 20703116417;0;0;0
415;1;Zone 20703116418;0;0;0
416;1;Zone 20703116419;0;0;0
417;1;Zone 20703116420;0;0;0
418;1;Zone 20703116421;0;0;0
419;1;Zone 20703116422;0;0;0
420;1;Zone 20703116423;0;0;0
421;1;Zone 20703116424;0;0;0
422;1;Zone 20703116425;0;0;0
423;1;Zone 20703116426;0;0;0
424;1;Zone 20703116427;0;0;0
425;1;Zone 20703116428;0;0;0
426;1;Zone 20703116429;0;0;0
427;1;Zone 20703116430;0;0;0
428;1;Zone 20703116431;0;0;0
429;1;Zone 20703116432;0;0;0
430;1;Zone 20703116433;0;0;0
431;1;Zone 20703116434;0;0;0
432;1;Zone 20703116435;0;0;0
433;1;Zone 20703116436;0;0;0
434;1;Zone 20703116437;0;0;0
435;1;Zone 20703116501;0;0;0
436;1;Zone 20703116502;0;0;0
437;1;Zone 20703116503;0;0;0
438;1;Zone 20703116504;0;0;0
439;1;Zone 20703116505;0;0;0
440;1;Zone 20703116506;0;0;0
441;1;Zone 20703116507;0;0;0
442;1;Zone 20703116508;0;0;0
443;1;Zone 20703116509;0;0;0
444;1;Zone 20703116510;0;0;0
445;1;Zone 20703116511;0;0;0
446;1;Zone 20703116512;0;0;0
447;1;Zone 20703116513;0;0;0
448;1;Zone 20703116514;0;0;0
449;1;Zone 20703116515;0;0;0
450;1;Zone 20703116516;0;0;0
451;1;Zone 20703116517;0;0;0
452;1;Zone 20703116518;0;0;0
453;1;Zone 20703116520;0;0;0
454;1;Zone 20703116521;0;0;0
455;1;Zone 20703116522;0;0;0
456;1;Zone 20703116523;0;0;0
457;1;Zone 20703116524;0;0;0
458;1;Zone 20703116525;0;0;0
459;1;Zone 20703116526;0;0;0
460;1;Zone 20703116527;0;0;0
461;1;Zone 20703116528;0;0;0
462;1;Zone 20703116529;0;0;0
463;1;Zone 20703116601;0;0;0
464;1;Zone 20703116602;0;0;0
465;1;Zone 20703116603;0;0;0
466;1;Zone 20703116604;0;0;0
467;1;Zone 20703116605;0;0;0
468;1;Zone 20703116606;0;0;0
469;1;Zone 20703116607;0;0;0
470;1;Zone 20703116608;0;0;0
471;1;Zone 20703116609;0;0;0
472;1;Zone 20703116610;0;0;0
473;1;Zone 20703116611;0;0;0
474;1;Zone 20703116612;0;0;0
475;1;Zone 20703116613;0;0;0
476;1;Zone 20703116614;0;0;0
477;1;Zone 20703116615;0;0;0
478;1;Zone 20703116616;0;0;0
479;1;Zone 20703116617;0;0;0
480;1;Zone 20703116618;0;0;0
481;1;Zone 20703116619;0;0;0
482;1;Zone 20703116620;0;0;0
483;1;Zone 20703116621;0;0;0
484;1;Zone 20703116622;0;0;0
485;1;Zone 20703116623;0;0;0
486;1;Zone 20703116624;0;0;0
487;1;Zone 20703116625;0;0;0
488;1;Zone 20703116626;0;0;0
489;1;Zone 20703116627;0;0;0
490;1;Zone 20703116701;0;0;0
491;1;Zone 20703116702;0;0;0
492;1;Zone 20703116703;0;0;0
493;1;Zone 20703116704;0;0;0
494;1;Zone 20703116705;0;0;0
495;1;Zone 20703116706;0;0;0
496;1;Zone 20703116707;0;0;0
497;1;Zone 20703116708;0;0;0
498;1;Zone 20703116709;0;0;0
499;1;Zone 20703116710;0;0;0
500;1;Zone 20703116711;0;0;0
501;1;Zone 20703116712;0;0;0
502;1;Zone 20703116713;0;0;0
503;1;Zone 20703116714;0;0;0
504;1;Zone 20703116715;0;0;0
505;1;Zone 20703116716;0;0;0
506;1;Zone 20703116717;0;0;0
507;1;Zone 20703116718;0;0;0
508;1;Zone 20703116719;0;0;0
509;1;Zone 20703116720;0;0;0
510;1;Zone 20703116721;0;0;0
511;1;Zone 20703116722;0;0;0
512;1;Zone 20703116723;0;0;0
513;1;Zone 20801116801;0;0;0
514;1;Zone 20801116802;0;0;0
515;1;Zone 20801116803;0;0;0
516;1;Zone 20801116804;0;0;0
517;1;Zone 20801116805;0;0;0
518;1;Zone 20801116806;0;0;0
519;1;Zone 20801116807;0;0;0
520;1;Zone 20801116808;0;0;0
521;1;Zone 20801116809;0;0;0
522;1;Zone 20801116810;0;0;0
523;1;Zone 20801116811;0;0;0
524;1;Zone 20801116812;0;0;0
525;1;Zone 20801116813;0;0;0
526;1;Zone 20801116814;0;0;0
527;1;Zone 20801116815;0;0;0
528;1;Zone 20801116816;0;0;0
529;1;Zone 20801116817;0;0;0
530;1;Zone 20801116818;0;0;0
531;1;Zone 20801116819;0;0;0
532;1;Zone 20801116820;0;0;0
533;1;Zone 20801116821;0;0;0
534;1;Zone 20801116822;0;0;0
535;1;Zone 20801116823;0;0;0
536;1;Zone 20801116824;0;0;0
537;1;Zone 20801116825;0;0;0
538;1;Zone 20801116826;0;0;0
539;1;Zone 20801116827;0;0;0
540;1;Zone 20801116828;0;0;0
541;1;Zone 20801116829;0;0;0
542;1;Zone 20801116830;0;0;0
543;1;Zone 20801116831;0;0;0
544;1;Zone 20801116832;0;0;0
545;1;Zone 20801116901;0;0;0
546;1;Zone 20801116902;0;0;0
547;1;Zone 20801116903;0;0;0
548;1;Zone 20801116904;0;0;0
549;1;Zone 20801116907;0;0;0
550;1;Zone 20801116908;0;0;0
551;1;Zone 20801116909;0;0;0
552;1;Zone 20801116912;0;0;0
553;1;Zone 20801116913;0;0;0
554;1;Zone 20801116914;0;0;0
555;1;Zone 20801116929;0;0;0
556;1;Zone 20801116930;0;0;0
557;1;Zone 20801116931;0;0;0
558;1;Zone 20801116937;0;0;0
559;1;Zone 20801116938;0;0;0
560;1;Zone 20801116939;0;0;0
561;1;Zone 20801116940;0;0;0
562;1;Zone 20801116941;0;0;0
563;1;Zone 20801116950;0;0;0
564;1;Zone 20801116953;0;0;0
565;1;Zone 20801117001;0;0;0
566;1;Zone 20801117002;0;0;0
567;1;Zone 20801117003;0;0;0
568;1;Zone 20801117004;0;0;0
569;1;Zone 20801117005;0;0;0
570;1;Zone 20801117006;0;0;0
571;1;Zone 20801117007;0;0;0
572;1;Zone 20801117008;0;0;0
573;1;Zone 20801117009;0;0;0
574;1;Zone 20801117010;0;0;0
575;1;Zone 20801117011;0;0;0
576;1;Zone 20801117012;0;0;0
577;1;Zone 20801117013;0;0;0
578;1;Zone 20801117014;0;0;0
579;1;Zone 20801117015;0;0;0
580;1;Zone 20801117016;0;0;0
581;1;Zone 20801117017;0;0;0
582;1;Zone 20801117018;0;0;0
583;1;Zone 20801117019;0;0;0
584;1;Zone 20801117020;0;0;0
585;1;Zone 20801117021;0;0;0
586;1;Zone 20801117022;0;0;0
587;1;Zone 20801117023;0;0;0
588;1;Zone 20801117024;0;0;0
589;1;Zone 20801117025;0;0;0
590;1;Zone 20801117026;0;0;0
591;1;Zone 20801117027;0;0;0
592;1;Zone 20801117028;0;0;0
593;1;Zone 20801117029;0;0;0
594;1;Zone 20801117030;0;0;0
595;1;Zone 20801117031;0;0;0
596;1;Zone 20801117032;0;0;0
597;1;Zone 20801117033;0;0;0
598;1;Zone 20801117034;0;0;0
599;1;Zone 20801117035;0;0;0
600;1;Zone 20801117036;0;0;0
601;1;Zone 20801117037;0;0;0
602;1;Zone 20801117038;0;0;0
603;1;Zone 20801117101;0;0;0
604;1;Zone 20801117102;0;0;0
605;1;Zone 20801117103;0;0;0
606;1;Zone 20801117104;0;0;0
607;1;Zone 20801117105;0;0;0
608;1;Zone 20801117106;0;0;0
609;1;Zone 20801117107;0;0;0
610;1;Zone 20801117108;0;0;0
611;1;Zone 20801117109;0;0;0
612;1;Zone 20801117110;0;0;0
613;1;Zone 20801117111;0;0;0
614;1;Zone 20801117112;0;0;0
615;1;Zone 20801117113;0;0;0
616;1;Zone 20801117114;0;0;0
617;1;Zone 20801117115;0;0;0
618;1;Zone 20801117116;0;0;0
619;1;Zone 20801117117;0;0;0
620;1;Zone 20801117118;0;0;0
621;1;Zone 20801117119;0;0;0
622;1;Zone 20801117120;0;0;0
623;1;Zone 20801117121;0;0;0
624;1;Zone 20801117122;0;0;0
625;1;Zone 20801117123;0;0;0
626;1;Zone 20801117201;0;0;0
627;1;Zone 20801117202;0;0;0
628;1;Zone 20801117203;0;0;0
629;1;Zone 20801117204;0;0;0
630;1;Zone 20801117205;0;0;0
631;1;Zone 20801117206;0;0;0
632;1;Zone 20801117207;0;0;0
633;1;Zone 20801117208;0;0;0
634;1;Zone 20801117209;0;0;0
635;1;Zone 20801117210;0;0;0
636;1;Zone 20801117211;0;0;0
637;1;Zone 20801117212;0;0;0
638;1;Zone 20801117213;0;0;0
639;1;Zone 20801117214;0;0;0
640;1;Zone 20801117215;0;0;0
641;1;Zone 20801117216;0;0;0
642;1;Zone 20801117217;0;0;0
643;1;Zone 20801117218;0;0;0
644;1;Zone 20801117219;0;0;0
645;1;Zone 20801117220;0;0;0
646;1;Zone 20801117221;0;0;0
647;1;Zone 20801117222;0;0;0
648;1;Zone 20801117223;0;0;0
649;1;Zone 20801117224;0;0;0
650;1;Zone 20801117225;0;0;0
651;1;Zone 20801117226;0;0;0
652;1;Zone 20801117227;0;0;0
653;1;Zone 20801117228;0;0;0
654;1;Zone 20801117229;0;0;0
655;1;Zone 20801117230;0;0;0
656;1;Zone 20801117231;0;0;0
657;1;Zone 20801117233;0;0;0
658;1;Zone 20801117234;0;0;0
659;1;Zone 20801117235;0;0;0
660;1;Zone 20801117236;0;0;0
661;1;Zone 20801117237;0;0;0
662;1;Zone 20801117238;0;0;0
663;1;Zone 20801117301;0;0;0
664;1;Zone 20801117302;0;0;0
665;1;Zone 20801117303;0;0;0
666;1;Zone 20801117304;0;0;0
667;1;Zone 20801117305;0;0;0
668;1;Zone 20801117306;0;0;0
669;1;Zone 20801117307;0;0;0
670;1;Zone 20801117308;0;0;0
671;1;Zone 20801117309;0;0;0
672;1;Zone 20801117310;0;0;0
673;1;Zone 20801117311;0;0;0
674;1;Zone 20801117312;0;0;0
675;1;Zone 20801117313;0;0;0
676;1;Zone 20801117314;0;0;0
677;1;Zone 20801117315;0;0;0
678;1;Zone 20801117316;0;0;0
679;1;Zone 20801117317;0;0;0
680;1;Zone 20801117318;0;0;0
681;1;Zone 20801117319;0;0;0
682;1;Zone 20801117320;0;0;0
683;1;Zone 20801117321;0;0;0
684;1;Zone 20801117322;0;0;0
685;1;Zone 20801117323;0;0;0
686;1;Zone 20801117324;0;0;0
687;1;Zone 20801117325;0;0;0
688;1;Zone 20801117326;0;0;0
689;1;Zone 20801117327;0;0;0
690;1;Zone 20801117328;0;0;0
691;1;Zone 20801117329;0;0;0
692;1;Zone 20801117330;0;0;0
693;1;Zone 20801117331;0;0;0
694;1;Zone 20801117332;0;0;0
695;1;Zone 20801117333;0;0;0
696;1;Zone 20801117334;0;0;0
697;1;Zone 20801117335;0;0;0
698;1;Zone 20801117336;0;0;0
699;1;Zone 20802117401;0;0;0
700;1;Zone 20802117402;0;0;0
701;1;Zone 20802117403;0;0;0
702;1;Zone 20802117404;0;0;0
703;1;Zone 20802117405;0;0;0
704;1;Zone 20802117406;0;0;0
705;1;Zone 20802117407;0;0;0
706;1;Zone 20802117408;0;0;0
707;1;Zone 20802117409;0;0;0
708;1;Zone 20802117410;0;0;0
709;1;Zone 20802117411;0;0;0
710;1;Zone 20802117412;0;0;0
711;1;Zone 20802117413;0;0;0
712;1;Zone 20802117414;0;0;0
713;1;Zone 20802117415;0;0;0
714;1;Zone 20802117416;0;0;0
715;1;Zone 20802117417;0;0;0
716;1;Zone 20802117418;0;0;0
717;1;Zone 20802117419;0;0;0
718;1;Zone 20802117420;0;0;0
719;1;Zone 20802117421;0;0;0
720;1;Zone 20802117422;0;0;0
721;1;Zone 20802117423;0;0;0
722;1;Zone 20802117424;0;0;0
723;1;Zone 20802117425;0;0;0
724;1;Zone 20802117426;0;0;0
725;1;Zone 20802117427;0;0;0
726;1;Zone 20802117428;0;0;0
727;1;Zone 20802117429;0;0;0
728;1;Zone 20802117430;0;0;0
729;1;Zone 20802117431;0;0;0
730;1;Zone 20802117432;0;0;0
731;1;Zone 20802117433;0;0;0
732;1;Zone 20802117434;0;0;0
733;1;Zone 20802117435;0;0;0
734;1;Zone 20802117436;0;0;0
735;1;Zone 20802117437;0;0;0
736;1;Zone 20802117438;0;0;0
737;1;Zone 20802117439;0;0;0
738;1;Zone 20802117440;0;0;0
739;1;Zone 20802117441;0;0;0
740;1;Zone 20802117442;0;0;0
741;1;Zone 20802117443;0;0;0
742;1;Zone 20802117444;0;0;0
743;1;Zone 20802117445;0;0;0
744;1;Zone 20802117446;0;0;0
745;1;Zone 20802117447;0;0;0
746;1;Zone 20802117448;0;0;0
747;1;Zone 20802117449;0;0;0
748;1;Zone 20802117450;0;0;0
749;1;Zone 20802117451;0;0;0
750;1;Zone 20802117452;0;0;0
751;1;Zone 20802117601;0;0;0
752;1;Zone 20802117602;0;0;0
753;1;Zone 20802117603;0;0;0
754;1;Zone 20802117604;0;0;0
755;1;Zone 20802117605;0;0;0
756;1;Zone 20802117606;0;0;0
757;1;Zone 20802117607;0;0;0
758;1;Zone 20802117608;0;0;0
759;1;Zone 20802117609;0;0;0
760;1;Zone 20802117610;0;0;0
761;1;Zone 20802117611;0;0;0
762;1;Zone 20802117612;0;0;0
763;1;Zone 20802117613;0;0;0
764;1;Zone 20802117614;0;0;0
765;1;Zone 20802117615;0;0;0
766;1;Zone 20802117616;0;0;0
767;1;Zone 20802117617;0;0;0
768;1;Zone 20802117618;0;0;0
769;1;Zone 20802117619;0;0;0
770;1;Zone 20802117620;0;0;0
771;1;Zone 20802117621;0;0;0
772;1;Zone 20802117622;0;0;0
773;1;Zone 20802117623;0;0;0
774;1;Zone 20802117624;0;0;0
775;1;Zone 20802117625;0;0;0
776;1;Zone 20802117626;0;0;0
777;1;Zone 20802117627;0;0;0
778;1;Zone 20802117628;0;0;0
779;1;Zone 20802117629;0;0;0
780;1;Zone 20802117630;0;0;0
781;1;Zone 20802117631;0;0;0
782;1;Zone 20802117632;0;0;0
783;1;Zone 20802117633;0;0;0
784;1;Zone 20802117634;0;0;0
785;1;Zone 20802117635;0;0;0
786;1;Zone 20802117636;0;0;0
787;1;Zone 20802117637;0;0;0
788;1;Zone 20802117638;0;0;0
789;1;Zone 20802117639;0;0;0
790;1;Zone 20802117701;0;0;0
791;1;Zone 20802117702;0;0;0
792;1;Zone 20802117703;0;0;0
793;1;Zone 20802117704;0;0;0
794;1;Zone 20802117705;0;0;0
795;1;Zone 20802117706;0;0;0
796;1;Zone 20802117707;0;0;0
797;1;Zone 20802117708;0;0;0
798;1;Zone 20802117709;0;0;0
799;1;Zone 20802117711;0;0;0
800;1;Zone 20802117713;0;0;0
801;1;Zone 20802117717;0;0;0
802;1;Zone 20802117718;0;0;0
803;1;Zone 20802117719;0;0;0
804;1;Zone 20802117720;0;0;0
805;1;Zone 20802117721;0;0;0
806;1;Zone 20802117722;0;0;0
807;1;Zone 20802117723;0;0;0
808;1;Zone 20802117724;0;0;0
809;1;Zone 20802117725;0;0;0
810;1;Zone 20802117726;0;0;0
811;1;Zone 20802117727;0;0;0
812;1;Zone 20802117728;0;0;0
813;1;Zone 20802117729;0;0;0
814;1;Zone 20802117730;0;0;0
815;1;Zone 20802117731;0;0;0
816;1;Zone 20802117732;0;0;0
817;1;Zone 20802117733;0;0;0
818;1;Zone 20802117734;0;0;0
819;1;Zone 20802117735;0;0;0
820;1;Zone 20802117736;0;0;0
821;1;Zone 20802117737;0;0;0
822;1;Zone 20802117738;0;0;0
823;1;Zone 20802117739;0;0;0
824;1;Zone 20802117740;0;0;0
825;1;Zone 20802117741;0;0;0
826;1;Zone 20802117742;0;0;0
827;1;Zone 20802117743;0;0;0
828;1;Zone 20802117755;0;0;0
829;1;Zone 20802117801;0;0;0
830;1;Zone 20802117802;0;0;0
831;1;Zone 20802117803;0;0;0
832;1;Zone 20802117804;0;0;0
833;1;Zone 20802117805;0;0;0
834;1;Zone 20802117806;0;0;0
835;1;Zone 20802117807;0;0;0
836;1;Zone 20802117808;0;0;0
837;1;Zone 20802117809;0;0;0
838;1;Zone 20802117810;0;0;0
839;1;Zone 20802117811;0;0;0
840;1;Zone 20802117812;0;0;0
841;1;Zone 20802117813;0;0;0
842;1;Zone 20802117814;0;0;0
843;1;Zone 20802117815;0;0;0
844;1;Zone 20802117816;0;0;0
845;1;Zone 20802117817;0;0;0
846;1;Zone 20802117818;0;0;0
847;1;Zone 20802117819;0;0;0
848;1;Zone 20802117820;0;0;0
849;1;Zone 20802117821;0;0;0
850;1;Zone 20802117822;0;0;0
851;1;Zone 20802117823;0;0;0
852;1;Zone 20802117824;0;0;0
853;1;Zone 20802117825;0;0;0
854;1;Zone 20802117826;0;0;0
855;1;Zone 20802117827;0;0;0
856;1;Zone 20802117828;0;0;0
857;1;Zone 20802117829;0;0;0
858;1;Zone 20802117830;0;0;0
859;1;Zone 20802117831;0;0;0
860;1;Zone 20802117832;0;0;0
861;1;Zone 20802117833;0;0;0
862;1;Zone 20802117834;0;0;0
863;1;Zone 20802117835;0;0;0
864;1;Zone 20802117836;0;0;0
865;1;Zone 20802117837;0;0;0
866;1;Zone 20802117838;0;0;0
867;1;Zone 20802117839;0;0;0
868;1;Zone 20802117840;0;0;0
869;1;Zone 20802117841;0;0;0
870;1;Zone 20802117842;0;0;0
871;1;Zone 20802117843;0;0;0
872;1;Zone 20802117904;0;0;0
873;1;Zone 20802117905;0;0;0
874;1;Zone 20802117906;0;0;0
875;1;Zone 20802117907;0;0;0
876;1;Zone 20802117908;0;0;0
877;1;Zone 20802117909;0;0;0
878;1;Zone 20802117910;0;0;0
879;1;Zone 20802117911;0;0;0
880;1;Zone 20802117912;0;0;0
881;1;Zone 20802117913;0;0;0
882;1;Zone 20802117914;0;0;0
883;1;Zone 20802117915;0;0;0
884;1;Zone 20802117916;0;0;0
885;1;Zone 20802117917;0;0;0
886;1;Zone 20802117918;0;0;0
887;1;Zone 20802117919;0;0;0
888;1;Zone 20802117920;0;0;0
889;1;Zone 20802117922;0;0;0
890;1;Zone 20802117927;0;0;0
891;1;Zone 20802117928;0;0;0
892;1;Zone 20802118001;0;0;0
893;1;Zone 20802118002;0;0;0
894;1;Zone 20802118003;0;0;0
895;1;Zone 20802118004;0;0;0
896;1;Zone 20802118005;0;0;0
897;1;Zone 20802118006;0;0;0
898;1;Zone 20802118007;0;0;0
899;1;Zone 20802118008;0;0;0
900;1;Zone 20802118009;0;0;0
901;1;Zone 20802118010;0;0;0
902;1;Zone 20802118011;0;0;0
903;1;Zone 20802118012;0;0;0
904;1;Zone 20802118013;0;0;0
905;1;Zone 20802118014;0;0;0
906;1;Zone 20802118015;0;0;0
907;1;Zone 20802118016;0;0;0
908;1;Zone 20802118017;0;0;0
909;1;Zone 20802118101;0;0;0
910;1;Zone 20802118102;0;0;0
911;1;Zone 20802118103;0;0;0
912;1;Zone 20802118104;0;0;0
913;1;Zone 20802118105;0;0;0
914;1;Zone 20802118106;0;0;0
915;1;Zone 20802118107;0;0;0
916;1;Zone 20802118108;0;0;0
917;1;Zone 20802118109;0;0;0
918;1;Zone 20802118110;0;0;0
919;1;Zone 20802118111;0;0;0
920;1;Zone 20802118112;0;0;0
921;1;Zone 20802118113;0;0;0
922;1;Zone 20802118114;0;0;0
923;1;Zone 20802118115;0;0;0
924;1;Zone 20802118116;0;0;0
925;1;Zone 20802118117;0;0;0
926;1;Zone 20802118118;0;0;0
927;1;Zone 20802118119;0;0;0
928;1;Zone 20802118120;0;0;0
929;1;Zone 20802118201;0;0;0
930;1;Zone 20802118202;0;0;0
931;1;Zone 20802118203;0;0;0
932;1;Zone 20802118204;0;0;0
933;1;Zone 20802118205;0;0;0
934;1;Zone 20802118206;0;0;0
935;1;Zone 20802118207;0;0;0
936;1;Zone 20802118208;0;0;0
937;1;Zone 20802118209;0;0;0
938;1;Zone 20802118210;0;0;0
939;1;Zone 20802118211;0;0;0
940;1;Zone 20802118212;0;0;0
941;1;Zone 20802118213;0;0;0
942;1;Zone 20802118214;0;0;0
943;1;Zone 20802118215;0;0;0
944;1;Zone 20802118216;0;0;0
945;1;Zone 20802118217;0;0;0
946;1;Zone 20802118218;0;0;0
947;1;Zone 20802118219;0;0;0
948;1;Zone 20802118220;0;0;0
949;1;Zone 20802118221;0;0;0
950;1;Zone 20802118222;0;0;0
951;1;Zone 20802118223;0;0;0
952;1;Zone 20802118224;0;0;0
953;1;Zone 20802118225;0;0;0
954;1;Zone 20802118226;0;0;0
955;1;Zone 20802118227;0;0;0
956;1;Zone 20802142601;0;0;0
957;1;Zone 20802142602;0;0;0
958;1;Zone 20802142603;0;0;0
959;1;Zone 20802142604;0;0;0
960;1;Zone 20802142605;0;0;0
961;1;Zone 20802142606;0;0;0
962;1;Zone 20802142607;0;0;0
963;1;Zone 20802142608;0;0;0
964;1;Zone 20802142609;0;0;0
965;1;Zone 20802142610;0;0;0
966;1;Zone 20802142611;0;0;0
967;1;Zone 20802142612;0;0;0
968;1;Zone 20802142613;0;0;0
969;1;Zone 20802142614;0;0;0
970;1;Zone 20802142615;0;0;0
971;1;Zone 20802142616;0;0;0
972;1;Zone 20802142617;0;0;0
973;1;Zone 20802142618;0;0;0
974;1;Zone 20802142619;0;0;0
975;1;Zone 20802142620;0;0;0
976;1;Zone 20802142621;0;0;0
977;1;Zone 20802142622;0;0;0
978;1;Zone 20802142623;0;0;0
979;1;Zone 20802142624;0;0;0
980;1;Zone 20802142625;0;0;0
981;1;Zone 20802142626;0;0;0
982;1;Zone 20802142627;0;0;0
983;1;Zone 20802142628;0;0;0
984;1;Zone 20802142629;0;0;0
985;1;Zone 20802142630;0;0;0
986;1;Zone 20802142631;0;0;0
987;1;Zone 20802142632;0;0;0
988;1;Zone 20802142633;0;0;0
989;1;Zone 20802142634;0;0;0
990;1;Zone 20802142701;0;0;0
991;1;Zone 20802142702;0;0;0
992;1;Zone 20802142703;0;0;0
993;1;Zone 20802142704;0;0;0
994;1;Zone 20802142705;0;0;0
995;1;Zone 20802142706;0;0;0
996;1;Zone 20802142707;0;0;0
997;1;Zone 20802142708;0;0;0
998;1;Zone 20802142709;0;0;0
999;1;Zone 20802142710;0;0;0
1000;1;Zone 20802142711;0;0;0
1001;1;Zone 20802142712;0;0;0
1002;1;Zone 20802142713;0;0;0
1003;1;Zone 20802142714;0;0;0
1004;1;Zone 20802142715;0;0;0
1005;1;Zone 20802142716;0;0;0
1006;1;Zone 20802142717;0;0;0
1007;1;Zone 20802142718;0;0;0
1008;1;Zone 20802142719;0;0;0
1009;1;Zone 20802142720;0;0;0
1010;1;Zone 20802142721;0;0;0
1011;1;Zone 20802142722;0;0;0
1012;1;Zone 20802142723;0;0;0
1013;1;Zone 20802142724;0;0;0
1014;1;Zone 20802142725;0;0;0
1015;1;Zone 20802142726;0;0;0
1016;1;Zone 20802142727;0;0;0
1017;1;Zone 20802142728;0;0;0
1018;1;Zone 20803118301;0;0;0
1019;1;Zone 20803118302;0;0;0
1020;1;Zone 20803118303;0;0;0
1021;1;Zone 20803118304;0;0;0
1022;1;Zone 20803118307;0;0;0
1023;1;Zone 20803118308;0;0;0
1024;1;Zone 20803118309;0;0;0
1025;1;Zone 20803118310;0;0;0
1026;1;Zone 20803118311;0;0;0
1027;1;Zone 20803118312;0;0;0
1028;1;Zone 20803118313;0;0;0
1029;1;Zone 20803118315;0;0;0
1030;1;Zone 20803118316;0;0;0
1031;1;Zone 20803118317;0;0;0
1032;1;Zone 20803118318;0;0;0
1033;1;Zone 20803118319;0;0;0
1034;1;Zone 20803118320;0;0;0
1035;1;Zone 20803118321;0;0;0
1036;1;Zone 20803118322;0;0;0
1037;1;Zone 20803118323;0;0;0
1038;1;Zone 20803118324;0;0;0
1039;1;Zone 20803118325;0;0;0
1040;1;Zone 20803118326;0;0;0
1041;1;Zone 20803118327;0;0;0
1042;1;Zone 20803118401;0;0;0
1043;1;Zone 20803118708;0;0;0
1044;1;Zone 20803118709;0;0;0
1045;1;Zone 20803118710;0;0;0
1046;1;Zone 20803118711;0;0;0
1047;1;Zone 20803118712;0;0;0
1048;1;Zone 20803118713;0;0;0
1049;1;Zone 20803118801;0;0;0
1050;1;Zone 20803118802;0;0;0
1051;1;Zone 20803118803;0;0;0
1052;1;Zone 20803118804;0;0;0
1053;1;Zone 20803118805;0;0;0
1054;1;Zone 20803118806;0;0;0
1055;1;Zone 20803118807;0;0;0
1056;1;Zone 20803118808;0;0;0
1057;1;Zone 20803118809;0;0;0
1058;1;Zone 20803118810;0;0;0
1059;1;Zone 20803118811;0;0;0
1060;1;Zone 20803118812;0;0;0
1061;1;Zone 20803118813;0;0;0
1062;1;Zone 20803118814;0;0;0
1063;1;Zone 20803118815;0;0;0
1064;1;Zone 20803118816;0;0;0
1065;1;Zone 20803118817;0;0;0
1066;1;Zone 20803118818;0;0;0
1067;1;Zone 20803118819;0;0;0
1068;1;Zone 20803118820;0;0;0
1069;1;Zone 20803118821;0;0;0
1070;1;Zone 20803118822;0;0;0
1071;1;Zone 20803118823;0;0;0
1072;1;Zone 20803118824;0;0;0
1073;1;Zone 20803118825;0;0;0
1074;1;Zone 20803118826;0;0;0
1075;1;Zone 20803118827;0;0;0
1076;1;Zone 20803118828;0;0;0
1077;1;Zone 20803118829;0;0;0
1078;1;Zone 20803118830;0;0;0
1079;1;Zone 20803118831;0;0;0
1080;1;Zone 20803118832;0;0;0
1081;1;Zone 20803118833;0;0;0
1082;1;Zone 20803118834;0;0;0
1083;1;Zone 20803118835;0;0;0
1084;1;Zone 20803118836;0;0;0
1085;1;Zone 20803118837;0;0;0
1086;1;Zone 20803118838;0;0;0
1087;1;Zone 20803118839;0;0;0
1088;1;Zone 20803118840;0;0;0
1089;1;Zone 20803118841;0;0;0
1090;1;Zone 20803118842;0;0;0
1091;1;Zone 20803118843;0;0;0
1092;1;Zone 20803118844;0;0;0
1093;1;Zone 20803118845;0;0;0
1094;1;Zone 20803118846;0;0;0
1095;1;Zone 20803118847;0;0;0
1096;1;Zone 20803118848;0;0;0
1097;1;Zone 20803118849;0;0;0
1098;1;Zone 20803118850;0;0;0
1099;1;Zone 20803118901;0;0;0
1100;1;Zone 20803118902;0;0;0
1101;1;Zone 20803118903;0;0;0
1102;1;Zone 20803118904;0;0;0
1103;1;Zone 20803118905;0;0;0
1104;1;Zone 20803118909;0;0;0
1105;1;Zone 20803118910;0;0;0
1106;1;Zone 20803118911;0;0;0
1107;1;Zone 20803118913;0;0;0
1108;1;Zone 20803118914;0;0;0
1109;1;Zone 20803118915;0;0;0
1110;1;Zone 20803118916;0;0;0
1111;1;Zone 20803118917;0;0;0
1112;1;Zone 20803118918;0;0;0
1113;1;Zone 20803118919;0;0;0
1114;1;Zone 20803118920;0;0;0
1115;1;Zone 20803118921;0;0;0
1116;1;Zone 20803118922;0;0;0
1117;1;Zone 20803118923;0;0;0
1118;1;Zone 20803118924;0;0;0
1119;1;Zone 20803118925;0;0;0
1120;1;Zone 20803118926;0;0;0
1121;1;Zone 20803118927;0;0;0
1122;1;Zone 20803118928;0;0;0
1123;1;Zone 20803118929;0;0;0
1124;1;Zone 20803118930;0;0;0
1125;1;Zone 20803119001;0;0;0
1126;1;Zone 20803119002;0;0;0
1127;1;Zone 20803119003;0;0;0
1128;1;Zone 20803119004;0;0;0
1129;1;Zone 20803119005;0;0;0
1130;1;Zone 20803119006;0;0;0
1131;1;Zone 20803119007;0;0;0
1132;1;Zone 20803119008;0;0;0
1133;1;Zone 20803119009;0;0;0
1134;1;Zone 20803119010;0;0;0
1135;1;Zone 20803119011;0;0;0
1136;1;Zone 20803119012;0;0;0
1137;1;Zone 20803119013;0;0;0
1138;1;Zone 20803119014;0;0;0
1139;1;Zone 20803119015;0;0;0
1140;1;Zone 20803119016;0;0;0
1141;1;Zone 20803119017;0;0;0
1142;1;Zone 20803119018;0;0;0
1143;1;Zone 20803119019;0;0;0
1144;1;Zone 20803119020;0;0;0
1145;1;Zone 20803119021;0;0;0
1146;1;Zone 20803119022;0;0;0
1147;1;Zone 20803119023;0;0;0
1148;1;Zone 20803119024;0;0;0
1149;1;Zone 20803119025;0;0;0
1150;1;Zone 20803119026;0;0;0
1151;1;Zone 20803119027;0;0;0
1152;1;Zone 20803119028;0;0;0
1153;1;Zone 20803119029;0;0;0
1154;1;Zone 20803119030;0;0;0
1155;1;Zone 20803119031;0;0;0
1156;1;Zone 20803119032;0;0;0
1157;1;Zone 20803119033;0;0;0
1158;1;Zone 20803119034;0;0;0
1159;1;Zone 20803119101;0;0;0
1160;1;Zone 20803119102;0;0;0
1161;1;Zone 20803119103;0;0;0
1162;1;Zone 20803119104;0;0;0
1163;1;Zone 20803119105;0;0;0
1164;1;Zone 20803119106;0;0;0
1165;1;Zone 20803119107;0;0;0
1166;1;Zone 20803119108;0;0;0
1167;1;Zone 20803119109;0;0;0
1168;1;Zone 20803119110;0;0;0
1169;1;Zone 20803119111;0;0;0
1170;1;Zone 20803119112;0;0;0
1171;1;Zone 20803119113;0;0;0
1172;1;Zone 20803119114;0;0;0
1173;1;Zone 20803119115;0;0;0
1174;1;Zone 20803119116;0;0;0
1175;1;Zone 20803119117;0;0;0
1176;1;Zone 20803119118;0;0;0
1177;1;Zone 20803119119;0;0;0
1178;1;Zone 20803119120;0;0;0
1179;1;Zone 20803119121;0;0;0
1180;1;Zone 20803119122;0;0;0
1181;1;Zone 20803119123;0;0;0
1182;1;Zone 20803119201;0;0;0
1183;1;Zone 20803119301;0;0;0
1184;1;Zone 20803119302;0;0;0
1185;1;Zone 20803119303;0;0;0
1186;1;Zone 20803119304;0;0;0
1187;1;Zone 20803119305;0;0;0
1188;1;Zone 20803119306;0;0;0
1189;1;Zone 20803119307;0;0;0
1190;1;Zone 20803119308;0;0;0
1191;1;Zone 20803119309;0;0;0
1192;1;Zone 20803119310;0;0;0
1193;1;Zone 20803119311;0;0;0
1194;1;Zone 20803119312;0;0;0
1195;1;Zone 20803119313;0;0;0
1196;1;Zone 20803119314;0;0;0
1197;1;Zone 20803119315;0;0;0
1198;1;Zone 20803119316;0;0;0
1199;1;Zone 20803119317;0;0;0
1200;1;Zone 20803119318;0;0;0
1201;1;Zone 20803119319;0;0;0
1202;1;Zone 20803119320;0;0;0
1203;1;Zone 20803119321;0;0;0
1204;1;Zone 20803119322;0;0;0
1205;1;Zone 20803119323;0;0;0
1206;1;Zone 20803119324;0;0;0
1207;1;Zone 20803119325;0;0;0
1208;1;Zone 20803119326;0;0;0
1209;1;Zone 20803119327;0;0;0
1210;1;Zone 20803119328;0;0;0
1211;1;Zone 20803119329;0;0;0
1212;1;Zone 20803119330;0;0;0
1213;1;Zone 20803119331;0;0;0
1214;1;Zone 20803119332;0;0;0
1215;1;Zone 20803119333;0;0;0
1216;1;Zone 20803119334;0;0;0
1217;1;Zone 20803119335;0;0;0
1218;1;Zone 20803119336;0;0;0
1219;1;Zone 20803119337;0;0;0
1220;1;Zone 20803119338;0;0;0
1221;1;Zone 20803119339;0;0;0
1222;1;Zone 20803119340;0;0;0
1223;1;Zone 20803119341;0;0;0
1224;1;Zone 20803119342;0;0;0
1225;1;Zone 20803119343;0;0;0
1226;1;Zone 20804119401;0;0;0
1227;1;Zone 20804119402;0;0;0
1228;1;Zone 20804119403;0;0;0
1229;1;Zone 20804119404;0;0;0
1230;1;Zone 20804119405;0;0;0
1231;1;Zone 20804119406;0;0;0
1232;1;Zone 20804119407;0;0;0
1233;1;Zone 20804119408;0;0;0
1234;1;Zone 20804119409;0;0;0
1235;1;Zone 20804119410;0;0;0
1236;1;Zone 20804119411;0;0;0
1237;1;Zone 20804119412;0;0;0
1238;1;Zone 20804119413;0;0;0
1239;1;Zone 20804119414;0;0;0
1240;1;Zone 20804119415;0;0;0
1241;1;Zone 20804119416;0;0;0
1242;1;Zone 20804119417;0;0;0
1243;1;Zone 20804119418;0;0;0
1244;1;Zone 20804119419;0;0;0
1245;1;Zone 20804119420;0;0;0
1246;1;Zone 20804119421;0;0;0
1247;1;Zone 20804119422;0;0;0
1248;1;Zone 20804119423;0;0;0
1249;1;Zone 20804119424;0;0;0
1250;1;Zone 20804119425;0;0;0
1251;1;Zone 20804119426;0;0;0
1252;1;Zone 20804119427;0;0;0
1253;1;Zone 20804119428;0;0;0
1254;1;Zone 20804119429;0;0;0
1255;1;Zone 20804119430;0;0;0
1256;1;Zone 20804119431;0;0;0
1257;1;Zone 20804119432;0;0;0
1258;1;Zone 20804119433;0;0;0
1259;1;Zone 20804119434;0;0;0
1260;1;Zone 20804119435;0;0;0
1261;1;Zone 20804119436;0;0;0
1262;1;Zone 20804119437;0;0;0
1263;1;Zone 20804119438;0;0;0
1264;1;Zone 20804119439;0;0;0
1265;1;Zone 20804119440;0;0;0
1266;1;Zone 20804119441;0;0;0
1267;1;Zone 20804119442;0;0;0
1268;1;Zone 20804119443;0;0;0
1269;1;Zone 20804119444;0;0;0
1270;1;Zone 20804119445;0;0;0
1271;1;Zone 20804119446;0;0;0
1272;1;Zone 20804119447;0;0;0
1273;1;Zone 20804119448;0;0;0
1274;1;Zone 20804119449;0;0;0
1275;1;Zone 20804119501;0;0;0
1276;1;Zone 20804119502;0;0;0
1277;1;Zone 20804119503;0;0;0
1278;1;Zone 20804119504;0;0;0
1279;1;Zone 20804119505;0;0;0
1280;1;Zone 20804119506;0;0;0
1281;1;Zone 20804119507;0;0;0
1282;1;Zone 20804119508;0;0;0
1283;1;Zone 20804119509;0;0;0
1284;1;Zone 20804119510;0;0;0
1285;1;Zone 20804119511;0;0;0
1286;1;Zone 20804119512;0;0;0
1287;1;Zone 20804119513;0;0;0
1288;1;Zone 20804119514;0;0;0
1289;1;Zone 20804119515;0;0;0
1290;1;Zone 20804119516;0;0;0
1291;1;Zone 20804119517;0;0;0
1292;1;Zone 20804119518;0;0;0
1293;1;Zone 20804119519;0;0;0
1294;1;Zone 20804119520;0;0;0
1295;1;Zone 20804119521;0;0;0
1296;1;Zone 20804119522;0;0;0
1297;1;Zone 20804119523;0;0;0
1298;1;Zone 20804119525;0;0;0
1299;1;Zone 20804119526;0;0;0
1300;1;Zone 20804119527;0;0;0
1301;1;Zone 20804119528;0;0;0
1302;1;Zone 20804119529;0;0;0
1303;1;Zone 20804119530;0;0;0
1304;1;Zone 20804119531;0;0;0
1305;1;Zone 20804119532;0;0;0
1306;1;Zone 20804119533;0;0;0
1307;1;Zone 20804119534;0;0;0
1308;1;Zone 20804119535;0;0;0
1309;1;Zone 20804119536;0;0;0
1310;1;Zone 20804119537;0;0;0
1311;1;Zone 20804119538;0;0;0
1312;1;Zone 20804119539;0;0;0
1313;1;Zone 20804119540;0;0;0
1314;1;Zone 20804119541;0;0;0
1315;1;Zone 20804119542;0;0;0
1316;1;Zone 20804119543;0;0;0
1317;1;Zone 20804119544;0;0;0
1318;1;Zone 20804119545;0;0;0
1319;1;Zone 20804119546;0;0;0
1320;1;Zone 20804119547;0;0;0
1321;1;Zone 20804119548;0;0;0
1322;1;Zone 20804119549;0;0;0
1323;1;Zone 20804119550;0;0;0
1324;1;Zone 20804119551;0;0;0
1325;1;Zone 21101125401;0;0;0
1326;1;Zone 21101125402;0;0;0
1327;1;Zone 21101125403;0;0;0
1328;1;Zone 21101125404;0;0;0
1329;1;Zone 21101125405;0;0;0
1330;1;Zone 21101125406;0;0;0
1331;1;Zone 21101125407;0;0;0
1332;1;Zone 21101125408;0;0;0
1333;1;Zone 21101125409;0;0;0
1334;1;Zone 21101125410;0;0;0
1335;1;Zone 21101125411;0;0;0
1336;1;Zone 21101125412;0;0;0
1337;1;Zone 21101125413;0;0;0
1338;1;Zone 21101125414;0;0;0
1339;1;Zone 21101125415;0;0;0
1340;1;Zone 21101125416;0;0;0
1341;1;Zone 21101125417;0;0;0
1342;1;Zone 21101125418;0;0;0
1343;1;Zone 21101125419;0;0;0
1344;1;Zone 21101125420;0;0;0
1345;1;Zone 21101125421;0;0;0
1346;1;Zone 21101125422;0;0;0
1347;1;Zone 21101125423;0;0;0
1348;1;Zone 21101125424;0;0;0
1349;1;Zone 21101125425;0;0;0
1350;1;Zone 21101125426;0;0;0
1351;1;Zone 21101125427;0;0;0
1352;1;Zone 21101125428;0;0;0
1353;1;Zone 21101125429;0;0;0
1354;1;Zone 21101125430;0;0;0
1355;1;Zone 21101125431;0;0;0
1356;1;Zone 21101125432;0;0;0
1357;1;Zone 21101125433;0;0;0
1358;1;Zone 21101125434;0;0;0
1359;1;Zone 21101125601;0;0;0
1360;1;Zone 21101125605;0;0;0
1361;1;Zone 21101125606;0;0;0
1362;1;Zone 21101125607;0;0;0
1363;1;Zone 21101125608;0;0;0
1364;1;Zone 21101125609;0;0;0
1365;1;Zone 21101125610;0;0;0
1366;1;Zone 21101125611;0;0;0
1367;1;Zone 21101125612;0;0;0
1368;1;Zone 21101125615;0;0;0
1369;1;Zone 21101125616;0;0;0
1370;1;Zone 21101125617;0;0;0
1371;1;Zone 21101125618;0;0;0
1372;1;Zone 21101125619;0;0;0
1373;1;Zone 21101125620;0;0;0
1374;1;Zone 21101125621;0;0;0
1375;1;Zone 21101125622;0;0;0
1376;1;Zone 21101125623;0;0;0
1377;1;Zone 21101125624;0;0;0
1378;1;Zone 21101125625;0;0;0
1379;1;Zone 21101125626;0;0;0
1380;1;Zone 21101125627;0;0;0
1381;1;Zone 21101125628;0;0;0
1382;1;Zone 21101125629;0;0;0
1383;1;Zone 21101125630;0;0;0
1384;1;Zone 21101125631;0;0;0
1385;1;Zone 21101125632;0;0;0
1386;1;Zone 21101125633;0;0;0
1387;1;Zone 21101125635;0;0;0
1388;1;Zone 21101125637;0;0;0
1389;1;Zone 21101125639;0;0;0
1390;1;Zone 21101125701;0;0;0
1391;1;Zone 21101125708;0;0;0
1392;1;Zone 21101125709;0;0;0
1393;1;Zone 21101125710;0;0;0
1394;1;Zone 21101125711;0;0;0
1395;1;Zone 21101125717;0;0;0
1396;1;Zone 21101125718;0;0;0
1397;1;Zone 21101125719;0;0;0
1398;1;Zone 21101125801;0;0;0
1399;1;Zone 21101125802;0;0;0
1400;1;Zone 21101125803;0;0;0
1401;1;Zone 21101125804;0;0;0
1402;1;Zone 21101125805;0;0;0
1403;1;Zone 21101125806;0;0;0
1404;1;Zone 21101125807;0;0;0
1405;1;Zone 21101125808;0;0;0
1406;1;Zone 21101125809;0;0;0
1407;1;Zone 21101125810;0;0;0
1408;1;Zone 21101125811;0;0;0
1409;1;Zone 21101125812;0;0;0
1410;1;Zone 21101125813;0;0;0
1411;1;Zone 21101125814;0;0;0
1412;1;Zone 21101125815;0;0;0
1413;1;Zone 21101125816;0;0;0
1414;1;Zone 21101125817;0;0;0
1415;1;Zone 21101125818;0;0;0
1416;1;Zone 21101125819;0;0;0
1417;1;Zone 21101125820;0;0;0
1418;1;Zone 21101125821;0;0;0
1419;1;Zone 21101125822;0;0;0
1420;1;Zone 21101125823;0;0;0
1421;1;Zone 21101125824;0;0;0
1422;1;Zone 21101125825;0;0;0
1423;1;Zone 21101125826;0;0;0
1424;1;Zone 21101125827;0;0;0
1425;1;Zone 21101125828;0;0;0
1426;1;Zone 21101125901;0;0;0
1427;1;Zone 21101125902;0;0;0
1428;1;Zone 21101125903;0;0;0
1429;1;Zone 21101125904;0;0;0
1430;1;Zone 21101125905;0;0;0
1431;1;Zone 21101125906;0;0;0
1432;1;Zone 21101125907;0;0;0
1433;1;Zone 21101125908;0;0;0
1434;1;Zone 21101125909;0;0;0
1435;1;Zone 21101125910;0;0;0
1436;1;Zone 21101125911;0;0;0
1437;1;Zone 21101125912;0;0;0
1438;1;Zone 21101125913;0;0;0
1439;1;Zone 21101125915;0;0;0
1440;1;Zone 21101125916;0;0;0
1441;1;Zone 21101125917;0;0;0
1442;1;Zone 21101125918;0;0;0
1443;1;Zone 21101125919;0;0;0
1444;1;Zone 21101125920;0;0;0
1445;1;Zone 21101125921;0;0;0
1446;1;Zone 21101125922;0;0;0
1447;1;Zone 21101125923;0;0;0
1448;1;Zone 21101125924;0;0;0
1449;1;Zone 21101125925;0;0;0
1450;1;Zone 21101125926;0;0;0
1451;1;Zone 21101125927;0;0;0
1452;1;Zone 21101125928;0;0;0
1453;1;Zone 21101125929;0;0;0
1454;1;Zone 21101125930;0;0;0
1455;1;Zone 21101125931;0;0;0
1456;1;Zone 21101125932;0;0;0
1457;1;Zone 21101125934;0;0;0
1458;1;Zone 21101125935;0;0;0
1459;1;Zone 21101125936;0;0;0
1460;1;Zone 21101125937;0;0;0
1461;1;Zone 21101125938;0;0;0
1462;1;Zone 21101126001;0;0;0
1463;1;Zone 21101126002;0;0;0
1464;1;Zone 21101126003;0;0;0
1465;1;Zone 21101126004;0;0;0
1466;1;Zone 21101126005;0;0;0
1467;1;Zone 21101126006;0;0;0
1468;1;Zone 21101126007;0;0;0
1469;1;Zone 21101126008;0;0;0
1470;1;Zone 21101126009;0;0;0
1471;1;Zone 21101126010;0;0;0
1472;1;Zone 21101126011;0;0;0
1473;1;Zone 21101126012;0;0;0
1474;1;Zone 21101126013;0;0;0
1475;1;Zone 21101126014;0;0;0
1476;1;Zone 21101126015;0;0;0
1477;1;Zone 21101126017;0;0;0
1478;1;Zone 21101126018;0;0;0
1479;1;Zone 21101126019;0;0;0
1480;1;Zone 21101126020;0;0;0
1481;1;Zone 21101126021;0;0;0
1482;1;Zone 21101126022;0;0;0
1483;1;Zone 21101126023;0;0;0
1484;1;Zone 21101126024;0;0;0
1485;1;Zone 21101126025;0;0;0
1486;1;Zone 21101126026;0;0;0
1487;1;Zone 21101126027;0;0;0
1488;1;Zone 21101126028;0;0;0
1489;1;Zone 21101126029;0;0;0
1490;1;Zone 21101126030;0;0;0
1491;1;Zone 21101126031;0;0;0
1492;1;Zone 21101126032;0;0;0
1493;1;Zone 21101126033;0;0;0
1494;1;Zone 21101126034;0;0;0
1495;1;Zone 21101126035;0;0;0
1496;1;Zone 21101126036;0;0;0
1497;1;Zone 21101126037;0;0;0
1498;1;Zone 21101126038;0;0;0
1499;1;Zone 21101126039;0;0;0
1500;1;Zone 21101126040;0;0;0
1501;1;Zone 21101126041;0;0;0
1502;1;Zone 21101126042;0;0;0
1503;1;Zone 21101126043;0;0;0
1504;1;Zone 21101126044;0;0;0
1505;1;Zone 21101126045;0;0;0
1506;1;Zone 21101126046;0;0;0
1507;1;Zone 21101126047;0;0;0
1508;1;Zone 21101144640;0;0;0
1509;1;Zone 21101144829;0;0;0
1510;1;Zone 21102126101;0;0;0
1511;1;Zone 21102126102;0;0;0
1512;1;Zone 21102126108;0;0;0
1513;1;Zone 21103126602;0;0;0
1514;1;Zone 21103126603;0;0;0
1515;1;Zone 21103126604;0;0;0
1516;1;Zone 21103126612;0;0;0
1517;1;Zone 21103126616;0;0;0
1518;1;Zone 21103126626;0;0;0
1519;1;Zone 21103126731;0;0;0
1520;1;Zone 21103126732;0;0;0
1521;1;Zone 21104126901;0;0;0
1522;1;Zone 21104126902;0;0;0
1523;1;Zone 21104126903;0;0;0
1524;1;Zone 21104126904;0;0;0
1525;1;Zone 21104126905;0;0;0
1526;1;Zone 21104126906;0;0;0
1527;1;Zone 21104126907;0;0;0
1528;1;Zone 21104126908;0;0;0
1529;1;Zone 21104126909;0;0;0
1530;1;Zone 21104126910;0;0;0
1531;1;Zone 21104126911;0;0;0
1532;1;Zone 21104126912;0;0;0
1533;1;Zone 21104126913;0;0;0
1534;1;Zone 21104126914;0;0;0
1535;1;Zone 21104126915;0;0;0
1536;1;Zone 21104126916;0;0;0
1537;1;Zone 21104126917;0;0;0
1538;1;Zone 21104126918;0;0;0
1539;1;Zone 21104126919;0;0;0
1540;1;Zone 21104126920;0;0;0
1541;1;Zone 21104126921;0;0;0
1542;1;Zone 21104126922;0;0;0
1543;1;Zone 21104127001;0;0;0
1544;1;Zone 21104127002;0;0;0
1545;1;Zone 21104127003;0;0;0
1546;1;Zone 21104127004;0;0;0
1547;1;Zone 21104127005;0;0;0
1548;1;Zone 21104127006;0;0;0
1549;1;Zone 21104127007;0;0;0
1550;1;Zone 21104127008;0;0;0
1551;1;Zone 21104127009;0;0;0
1552;1;Zone 21104127010;0;0;0
1553;1;Zone 21104127011;0;0;0
1554;1;Zone 21104127012;0;0;0
1555;1;Zone 21104127013;0;0;0
1556;1;Zone 21104127014;0;0;0
1557;1;Zone 21104127015;0;0;0
1558;1;Zone 21104127016;0;0;0
1559;1;Zone 21104127017;0;0;0
1560;1;Zone 21104127018;0;0;0
1561;1;Zone 21104127021;0;0;0
1562;1;Zone 21104127022;0;0;0
1563;1;Zone 21104127026;0;0;0
1564;1;Zone 21104127027;0;0;0
1565;1;Zone 21104127028;0;0;0
1566;1;Zone 21104127029;0;0;0
1567;1;Zone 21104127031;0;0;0
1568;1;Zone 21104127032;0;0;0
1569;1;Zone 21104127033;0;0;0
1570;1;Zone 21104127034;0;0;0
1571;1;Zone 21104127035;0;0;0
1572;1;Zone 21104127036;0;0;0
1573;1;Zone 21104127037;0;0;0
1574;1;Zone 21104127038;0;0;0
1575;1;Zone 21104127039;0;0;0
1576;1;Zone 21104127040;0;0;0
1577;1;Zone 21104127101;0;0;0
1578;1;Zone 21104127102;0;0;0
1579;1;Zone 21104127103;0;0;0
1580;1;Zone 21104127104;0;0;0
1581;1;Zone 21104127105;0;0;0
1582;1;Zone 21104127106;0;0;0
1583;1;Zone 21104127107;0;0;0
1584;1;Zone 21104127108;0;0;0
1585;1;Zone 21104127109;0;0;0
1586;1;Zone 21104127110;0;0;0
1587;1;Zone 21104127111;0;0;0
1588;1;Zone 21104127112;0;0;0
1589;1;Zone 21104127113;0;0;0
1590;1;Zone 21104127114;0;0;0
1591;1;Zone 21104127115;0;0;0
1592;1;Zone 21104127116;0;0;0
1593;1;Zone 21104127117;0;0;0
1594;1;Zone 21104127118;0;0;0
1595;1;Zone 21104127119;0;0;0
1596;1;Zone 21104127120;0;0;0
1597;1;Zone 21104127121;0;0;0
1598;1;Zone 21104127122;0;0;0
1599;1;Zone 21104127123;0;0;0
1600;1;Zone 21104127124;0;0;0
1601;1;Zone 21104127125;0;0;0
1602;1;Zone 21104127126;0;0;0
1603;1;Zone 21104127127;0;0;0
1604;1;Zone 21104127128;0;0;0
1605;1;Zone 21104127129;0;0;0
1606;1;Zone 21104127201;0;0;0
1607;1;Zone 21104127202;0;0;0
1608;1;Zone 21104127203;0;0;0
1609;1;Zone 21104127204;0;0;0
1610;1;Zone 21104127205;0;0;0
1611;1;Zone 21104127206;0;0;0
1612;1;Zone 21104127207;0;0;0
1613;1;Zone 21104127208;0;0;0
1614;1;Zone 21104127209;0;0;0
1615;1;Zone 21104127210;0;0;0
1616;1;Zone 21104127211;0;0;0
1617;1;Zone 21104127212;0;0;0
1618;1;Zone 21104127213;0;0;0
1619;1;Zone 21104127214;0;0;0
1620;1;Zone 21104127215;0;0;0
1621;1;Zone 21104127216;0;0;0
1622;1;Zone 21104127217;0;0;0
1623;1;Zone 21104127218;0;0;0
1624;1;Zone 21104127219;0;0;0
1625;1;Zone 21104127220;0;0;0
1626;1;Zone 21104127221;0;0;0
1627;1;Zone 21104127222;0;0;0
1628;1;Zone 21104127223;0;0;0
1629;1;Zone 21104127224;0;0;0
1630;1;Zone 21104127225;0;0;0
1631;1;Zone 21104127301;0;0;0
1632;1;Zone 21104127302;0;0;0
1633;1;Zone 21104127303;0;0;0
1634;1;Zone 21104127304;0;0;0
1635;1;Zone 21104127305;0;0;0
1636;1;Zone 21104127306;0;0;0
1637;1;Zone 21104127307;0;0;0
1638;1;Zone 21104127308;0;0;0
1639;1;Zone 21104127309;0;0;0
1640;1;Zone 21104127310;0;0;0
1641;1;Zone 21104127311;0;0;0
1642;1;Zone 21104127312;0;0;0
1643;1;Zone 21104127313;0;0;0
1644;1;Zone 21104127314;0;0;0
1645;1;Zone 21104127315;0;0;0
1646;1;Zone 21104127316;0;0;0
1647;1;Zone 21104127317;0;0;0
1648;1;Zone 21104127318;0;0;0
1649;1;Zone 21104127319;0;0;0
1650;1;Zone 21104127320;0;0;0
1651;1;Zone 21104127321;0;0;0
1652;1;Zone 21104127322;0;0;0
1653;1;Zone 21104127323;0;0;0
1654;1;Zone 21104127324;0;0;0
1655;1;Zone 21104127325;0;0;0
1656;1;Zone 21104127326;0;0;0
1657;1;Zone 21104127327;0;0;0
1658;1;Zone 21104127328;0;0;0
1659;1;Zone 21104127329;0;0;0
1660;1;Zone 21104127330;0;0;0
1661;1;Zone 21202129501;0;0;0
1662;1;Zone 21202129503;0;0;0
1663;1;Zone 21202129504;0;0;0
1664;1;Zone 21202129505;0;0;0
1665;1;Zone 21202129506;0;0;0
1666;1;Zone 21202129507;0;0;0
1667;1;Zone 21202129508;0;0;0
1668;1;Zone 21202129509;0;0;0
1669;1;Zone 21202129512;0;0;0
1670;1;Zone 21202129514;0;0;0
1671;1;Zone 21202129519;0;0;0
1672;1;Zone 21202129520;0;0;0
1673;1;Zone 21202129522;0;0;0
1674;1;Zone 21202145303;0;0;0
1675;1;Zone 21202145306;0;0;0
1676;1;Zone 21202145307;0;0;0
1677;1;Zone 21202145311;0;0;0
1678;1;Zone 21202145314;0;0;0
1679;1;Zone 21202145321;0;0;0
1680;1;Zone 21202145324;0;0;0
1681;1;Zone 21202145332;0;0;0
1682;1;Zone 21202145414;0;0;0
1683;1;Zone 21202145431;0;0;0
1684;1;Zone 21204130901;0;0;0
1685;1;Zone 21204130902;0;0;0
1686;1;Zone 21204130903;0;0;0
1687;1;Zone 21204130904;0;0;0
1688;1;Zone 21204130905;0;0;0
1689;1;Zone 21204130906;0;0;0
1690;1;Zone 21204130907;0;0;0
1691;1;Zone 21204130908;0;0;0
1692;1;Zone 21204130909;0;0;0
1693;1;Zone 21204130910;0;0;0
1694;1;Zone 21204130911;0;0;0
1695;1;Zone 21204130912;0;0;0
1696;1;Zone 21204130913;0;0;0
1697;1;Zone 21204130914;0;0;0
1698;1;Zone 21204130915;0;0;0
1699;1;Zone 21204130916;0;0;0
1700;1;Zone 21204130917;0;0;0
1701;1;Zone 21204130918;0;0;0
1702;1;Zone 21204130919;0;0;0
1703;1;Zone 21204130920;0;0;0
1704;1;Zone 21204130921;0;0;0
1705;1;Zone 21204130922;0;0;0
1706;1;Zone 21204130923;0;0;0
1707;1;Zone 21204130924;0;0;0
1708;1;Zone 21204130925;0;0;0
1709;1;Zone 21204130926;0;0;0
1710;1;Zone 21204130927;0;0;0
1711;1;Zone 21204130928;0;0;0
1712;1;Zone 21204130929;0;0;0
1713;1;Zone 21204130930;0;0;0
1714;1;Zone 21204130931;0;0;0
1715;1;Zone 21204130932;0;0;0
1716;1;Zone 21204131001;0;0;0
1717;1;Zone 21204131002;0;0;0
1718;1;Zone 21204131003;0;0;0
1719;1;Zone 21204131004;0;0;0
1720;1;Zone 21204131005;0;0;0
1721;1;Zone 21204131006;0;0;0
1722;1;Zone 21204131007;0;0;0
1723;1;Zone 21204131008;0;0;0
1724;1;Zone 21204131009;0;0;0
1725;1;Zone 21204131010;0;0;0
1726;1;Zone 21204131011;0;0;0
1727;1;Zone 21204131012;0;0;0
1728;1;Zone 21204131013;0;0;0
1729;1;Zone 21204131014;0;0;0
1730;1;Zone 21204131015;0;0;0
1731;1;Zone 21204131016;0;0;0
1732;1;Zone 21204131017;0;0;0
1733;1;Zone 21204131018;0;0;0
1734;1;Zone 21204131019;0;0;0
1735;1;Zone 21204131020;0;0;0
1736;1;Zone 21204131021;0;0;0
1737;1;Zone 21204131022;0;0;0
1738;1;Zone 21204131023;0;0;0
1739;1;Zone 21204131024;0;0;0
1740;1;Zone 21204131025;0;0;0
1741;1;Zone 21204131026;0;0;0
1742;1;Zone 21204131027;0;0;0
1743;1;Zone 21204131028;0;0;0
1744;1;Zone 21204131029;0;0;0
1745;1;Zone 21204131030;0;0;0
1746;1;Zone 21204131101;0;0;0
1747;1;Zone 21204131102;0;0;0
1748;1;Zone 21204131103;0;0;0
1749;1;Zone 21204131104;0;0;0
1750;1;Zone 21204131105;0;0;0
1751;1;Zone 21204131106;0;0;0
1752;1;Zone 21204131107;0;0;0
1753;1;Zone 21204131108;0;0;0
1754;1;Zone 21204131109;0;0;0
1755;1;Zone 21204131110;0;0;0
1756;1;Zone 21204131111;0;0;0
1757;1;Zone 21204131112;0;0;0
1758;1;Zone 21204131113;0;0;0
1759;1;Zone 21204131114;0;0;0
1760;1;Zone 21204131116;0;0;0
1761;1;Zone 21204131117;0;0;0
1762;1;Zone 21204131118;0;0;0
1763;1;Zone 21204131119;0;0;0
1764;1;Zone 21204131120;0;0;0
1765;1;Zone 21204131121;0;0;0
1766;1;Zone 21204131122;0;0;0
1767;1;Zone 21204131123;0;0;0
1768;1;Zone 21204131124;0;0;0
1769;1;Zone 21204131125;0;0;0
1770;1;Zone 21204131126;0;0;0
1771;1;Zone 21204131127;0;0;0
1772;1;Zone 21204131128;0;0;0
1773;1;Zone 21204131129;0;0;0
1774;1;Zone 21204131130;0;0;0
1775;1;Zone 21204131131;0;0;0
1776;1;Zone 21204131132;0;0;0
1777;1;Zone 21204131133;0;0;0
1778;1;Zone 21204131134;0;0;0
1779;1;Zone 21204131135;0;0;0
1780;1;Zone 21204131136;0;0;0
1781;1;Zone 21204131137;0;0;0
1782;1;Zone 21204131138;0;0;0
1783;1;Zone 21204131139;0;0;0
1784;1;Zone 21204131140;0;0;0
1785;1;Zone 21204131141;0;0;0
1786;1;Zone 21204131142;0;0;0
1787;1;Zone 21204131143;0;0;0
1788;1;Zone 21204131144;0;0;0
1789;1;Zone 21204131145;0;0;0
1790;1;Zone 21204131146;0;0;0
1791;1;Zone 21204131147;0;0;0
1792;1;Zone 21204131148;0;0;0
1793;1;Zone 21204131149;0;0;0
1794;1;Zone 21204131151;0;0;0
1795;1;Zone 21204131152;0;0;0
1796;1;Zone 21204131153;0;0;0
1797;1;Zone 21204131154;0;0;0
1798;1;Zone 21204131156;0;0;0
1799;1;Zone 21204131157;0;0;0
1800;1;Zone 21204131158;0;0;0
1801;1;Zone 21204131159;0;0;0
1802;1;Zone 21204131160;0;0;0
1803;1;Zone 21204131161;0;0;0
1804;1;Zone 21204131162;0;0;0
1805;1;Zone 21204131163;0;0;0
1806;1;Zone 21204131164;0;0;0
1807;1;Zone 21204131201;0;0;0
1808;1;Zone 21204131202;0;0;0
1809;1;Zone 21204131203;0;0;0
1810;1;Zone 21204131204;0;0;0
1811;1;Zone 21204131205;0;0;0
1812;1;Zone 21204131206;0;0;0
1813;1;Zone 21204131207;0;0;0
1814;1;Zone 21204131208;0;0;0
1815;1;Zone 21204131209;0;0;0
1816;1;Zone 21204131210;0;0;0
1817;1;Zone 21204131211;0;0;0
1818;1;Zone 21204131212;0;0;0
1819;1;Zone 21204131213;0;0;0
1820;1;Zone 21204131214;0;0;0
1821;1;Zone 21204131215;0;0;0
1822;1;Zone 21204131216;0;0;0
1823;1;Zone 21204131217;0;0;0
1824;1;Zone 21204131218;0;0;0
1825;1;Zone 21204131219;0;0;0
1826;1;Zone 21204131220;0;0;0
1827;1;Zone 21204131221;0;0;0
1828;1;Zone 21204131222;0;0;0
1829;1;Zone 21204131223;0;0;0
1830;1;Zone 21204131224;0;0;0
1831;1;Zone 21204131225;0;0;0
1832;1;Zone 21204131226;0;0;0
1833;1;Zone 21204131227;0;0;0
1834;1;Zone 21204131228;0;0;0
1835;1;Zone 21204131229;0;0;0
1836;1;Zone 21204131230;0;0;0
1837;1;Zone 21204131231;0;0;0
1838;1;Zone 21204131232;0;0;0
1839;1;Zone 21204131233;0;0;0
1840;1;Zone 21204131234;0;0;0
1841;1;Zone 21204131235;0;0;0
1842;1;Zone 21204131236;0;0;0
1843;1;Zone 21204131237;0;0;0
1844;1;Zone 21204131238;0;0;0
1845;1;Zone 21204131239;0;0;0
1846;1;Zone 21204131240;0;0;0
1847;1;Zone 21204131241;0;0;0
1848;1;Zone 21204131242;0;0;0
1849;1;Zone 21204131243;0;0;0
1850;1;Zone 21204131244;0;0;0
1851;1;Zone 21204131245;0;0;0
1852;1;Zone 21204131246;0;0;0
1853;1;Zone 21204131247;0;0;0
1854;1;Zone 21204131248;0;0;0
1855;1;Zone 21204131249;0;0;0
1856;1;Zone 21204131250;0;0;0
1857;1;Zone 21204131251;0;0;0
1858;1;Zone 21204131252;0;0;0
1859;1;Zone 21204131253;0;0;0
1860;1;Zone 21204131254;0;0;0
1861;1;Zone 21204131255;0;0;0
1862;1;Zone 21204131301;0;0;0
1863;1;Zone 21204131302;0;0;0
1864;1;Zone 21204131303;0;0;0
1865;1;Zone 21204131304;0;0;0
1866;1;Zone 21204131305;0;0;0
1867;1;Zone 21204131306;0;0;0
1868;1;Zone 21204131307;0;0;0
1869;1;Zone 21204131308;0;0;0
1870;1;Zone 21204131309;0;0;0
1871;1;Zone 21204131310;0;0;0
1872;1;Zone 21204131311;0;0;0
1873;1;Zone 21204131312;0;0;0
1874;1;Zone 21204131313;0;0;0
1875;1;Zone 21204131314;0;0;0
1876;1;Zone 21204131315;0;0;0
1877;1;Zone 21204131316;0;0;0
1878;1;Zone 21204131317;0;0;0
1879;1;Zone 21204131318;0;0;0
1880;1;Zone 21204131319;0;0;0
1881;1;Zone 21204131320;0;0;0
1882;1;Zone 21204131321;0;0;0
1883;1;Zone 21204131322;0;0;0
1884;1;Zone 21204131323;0;0;0
1885;1;Zone 21204131324;0;0;0
1886;1;Zone 21204131325;0;0;0
1887;1;Zone 21204131326;0;0;0
1888;1;Zone 21204131401;0;0;0
1889;1;Zone 21204131404;0;0;0
1890;1;Zone 21204131405;0;0;0
1891;1;Zone 21204131406;0;0;0
1892;1;Zone 21204131407;0;0;0
1893;1;Zone 21204131408;0;0;0
1894;1;Zone 21204131409;0;0;0
1895;1;Zone 21204131410;0;0;0
1896;1;Zone 21204131411;0;0;0
1897;1;Zone 21204131412;0;0;0
1898;1;Zone 21204131413;0;0;0
1899;1;Zone 21204131414;0;0;0
1900;1;Zone 21204131415;0;0;0
1901;1;Zone 21204131416;0;0;0
1902;1;Zone 21204131417;0;0;0
1903;1;Zone 21204131418;0;0;0
1904;1;Zone 21204131419;0;0;0
1905;1;Zone 21204131420;0;0;0
1906;1;Zone 21204131421;0;0;0
1907;1;Zone 21204131422;0;0;0
1908;1;Zone 21204131423;0;0;0
1909;1;Zone 21204131424;0;0;0
1910;1;Zone 21204131425;0;0;0
1911;1;Zone 21204131426;0;0;0
1912;1;Zone 21204131427;0;0;0
1913;1;Zone 21204131428;0;0;0
1914;1;Zone 21204131429;0;0;0
1915;1;Zone 21204131430;0;0;0
1916;1;Zone 21204131431;0;0;0
1917;1;Zone 21204131432;0;0;0
1918;1;Zone 21204131433;0;0;0
1919;1;Zone 21204131434;0;0;0
1920;1;Zone 21204131435;0;0;0
1921;1;Zone 21204131436;0;0;0
1922;1;Zone 21204131437;0;0;0
1923;1;Zone 21204131438;0;0;0
1924;1;Zone 21204131439;0;0;0
1925;1;Zone 21204131440;0;0;0
1926;1;Zone 21204131441;0;0;0
1927;1;Zone 21204131442;0;0;0
1928;1;Zone 21204131443;0;0;0
1929;1;Zone 21204131444;0;0;0
1930;1;Zone 21204131445;0;0;0
1931;1;Zone 21204131446;0;0;0
1932;1;Zone 21204131447;0;0;0
1933;1;Zone 21204131448;0;0;0
1934;1;Zone 21204131449;0;0;0
1935;1;Zone 21204131450;0;0;0
1936;1;Zone 21204131451;0;0;0
1937;1;Zone 21204131452;0;0;0
1938;1;Zone 21204131453;0;0;0
1939;1;Zone 21204131454;0;0;0
1940;1;Zone 21204131455;0;0;0
1941;1;Zone 21204131456;0;0;0
1942;1;Zone 21204131457;0;0;0
1943;1;Zone 21204131458;0;0;0
1944;1;Zone 21204131459;0;0;0
1945;1;Zone 21204131460;0;0;0
1946;1;Zone 21204131461;0;0;0
1947;1;Zone 21204131601;0;0;0
1948;1;Zone 21204131602;0;0;0
1949;1;Zone 21204131603;0;0;0
1950;1;Zone 21204131604;0;0;0
1951;1;Zone 21204131605;0;0;0
1952;1;Zone 21204131606;0;0;0
1953;1;Zone 21204131607;0;0;0
1954;1;Zone 21204131608;0;0;0
1955;1;Zone 21204131609;0;0;0
1956;1;Zone 21204131610;0;0;0
1957;1;Zone 21204131611;0;0;0
1958;1;Zone 21204131612;0;0;0
1959;1;Zone 21204131613;0;0;0
1960;1;Zone 21204131614;0;0;0
1961;1;Zone 21204131615;0;0;0
1962;1;Zone 21204131616;0;0;0
1963;1;Zone 21204131617;0;0;0
1964;1;Zone 21204131618;0;0;0
1965;1;Zone 21204131701;0;0;0
1966;1;Zone 21204131702;0;0;0
1967;1;Zone 21204131703;0;0;0
1968;1;Zone 21204131704;0;0;0
1969;1;Zone 21204131705;0;0;0
1970;1;Zone 21204131706;0;0;0
1971;1;Zone 21204131707;0;0;0
1972;1;Zone 21204131708;0;0;0
1973;1;Zone 21204131709;0;0;0
1974;1;Zone 21204131710;0;0;0
1975;1;Zone 21204131711;0;0;0
1976;1;Zone 21204131712;0;0;0
1977;1;Zone 21204131713;0;0;0
1978;1;Zone 21204131714;0;0;0
1979;1;Zone 21204131715;0;0;0
1980;1;Zone 21204131716;0;0;0
1981;1;Zone 21204131717;0;0;0
1982;1;Zone 21204131718;0;0;0
1983;1;Zone 21204131719;0;0;0
1984;1;Zone 21204131720;0;0;0
1985;1;Zone 21204131721;0;0;0
1986;1;Zone 21204131722;0;0;0
1987;1;Zone 21204131723;0;0;0
1988;1;Zone 21204131724;0;0;0
1989;1;Zone 21204131725;0;0;0
1990;1;Zone 21204131726;0;0;0
1991;1;Zone 21204131727;0;0;0
1992;1;Zone 21204131728;0;0;0
1993;1;Zone 21204131729;0;0;0
1994;1;Zone 21204131730;0;0;0
1995;1;Zone 21204131731;0;0;0
1996;1;Zone 21204131732;0;0;0
1997;1;Zone 21204131733;0;0;0
1998;1;Zone 21204131734;0;0;0
1999;1;Zone 21204131735;0;0;0
2000;1;Zone 21204131736;0;0;0
2001;1;Zone 21204131737;0;0;0
2002;1;Zone 21204131738;0;0;0
2003;1;Zone 21204131739;0;0;0
2004;1;Zone 21204131740;0;0;0
2005;1;Zone 21204131741;0;0;0
2006;1;Zone 21204131742;0;0;0
2007;1;Zone 21204131743;0;0;0
2008;1;Zone 21204131744;0;0;0
2009;1;Zone 21204131745;0;0;0
2010;1;Zone 21204131746;0;0;0
2011;1;Zone 21204131747;0;0;0
2012;1;Zone 21204131748;0;0;0
2013;1;Zone 21204131749;0;0;0
2014;1;Zone 21204131801;0;0;0
2015;1;Zone 21204131802;0;0;0
2016;1;Zone 21204131803;0;0;0
2017;1;Zone 21204131804;0;0;0
2018;1;Zone 21204131805;0;0;0
2019;1;Zone 21204131806;0;0;0
2020;1;Zone 21204131807;0;0;0
2021;1;Zone 21204131808;0;0;0
2022;1;Zone 21204131809;0;0;0
2023;1;Zone 21204131810;0;0;0
2024;1;Zone 21204131811;0;0;0
2025;1;Zone 21204131812;0;0;0
2026;1;Zone 21204131813;0;0;0
2027;1;Zone 21204131814;0;0;0
2028;1;Zone 21204131815;0;0;0
2029;1;Zone 21204131816;0;0;0
2030;1;Zone 21204131817;0;0;0
2031;1;Zone 21204131818;0;0;0
2032;1;Zone 21204131819;0;0;0
2033;1;Zone 21204131820;0;0;0
2034;1;Zone 21204131821;0;0;0
2035;1;Zone 21204131822;0;0;0
2036;1;Zone 21204131823;0;0;0
2037;1;Zone 21204131824;0;0;0
2038;1;Zone 21204131825;0;0;0
2039;1;Zone 21204131826;0;0;0
2040;1;Zone 21204145901;0;0;0
2041;1;Zone 21204145902;0;0;0
2042;1;Zone 21204145903;0;0;0
2043;1;Zone 21204145904;0;0;0
2044;1;Zone 21204145905;0;0;0
2045;1;Zone 21204145906;0;0;0
2046;1;Zone 21204145907;0;0;0
2047;1;Zone 21204145908;0;0;0
2048;1;Zone 21204145909;0;0;0
2049;1;Zone 21204145910;0;0;0
2050;1;Zone 21204145911;0;0;0
2051;1;Zone 21204145912;0;0;0
2052;1;Zone 21204145913;0;0;0
2053;1;Zone 21204145914;0;0;0
2054;1;Zone 21204145915;0;0;0
2055;1;Zone 21204145916;0;0;0
2056;1;Zone 21204145917;0;0;0
2057;1;Zone 21204145918;0;0;0
2058;1;Zone 21204145919;0;0;0
2059;1;Zone 21204145920;0;0;0
2060;1;Zone 21204145921;0;0;0
2061;1;Zone 21204145922;0;0;0
2062;1;Zone 21204145923;0;0;0
2063;1;Zone 21204146001;0;0;0
2064;1;Zone 21204146002;0;0;0
2065;1;Zone 21204146003;0;0;0
2066;1;Zone 21204146004;0;0;0
2067;1;Zone 21204146005;0;0;0
2068;1;Zone 21204146006;0;0;0
2069;1;Zone 21204146007;0;0;0
2070;1;Zone 21204146008;0;0;0
2071;1;Zone 21204146009;0;0;0
2072;1;Zone 21204146010;0;0;0
2073;1;Zone 21204146011;0;0;0
2074;1;Zone 21204146012;0;0;0
2075;1;Zone 21204146013;0;0;0
2076;1;Zone 21204146014;0;0;0
2077;1;Zone 21204146015;0;0;0
2078;1;Zone 21204146016;0;0;0
2079;1;Zone 21204146017;0;0;0
2080;1;Zone 21204146018;0;0;0
2081;1;Zone 21204146019;0;0;0
2082;1;Zone 21204146020;0;0;0
2083;1;Zone 21204146021;0;0;0
2084;1;Zone 21204146022;0;0;0
2085;1;Zone 21204146023;0;0;0
2086;1;Zone 21204146024;0;0;0
2087;1;Zone 21204146025;0;0;0
2088;1;Zone 21204146026;0;0;0
2089;1;Zone 21204146027;0;0;0
2090;1;Zone 21204146028;0;0;0
2091;1;Zone 21204146029;0;0;0
2092;1;Zone 21204146030;0;0;0
2093;1;Zone 21204146031;0;0;0
2094;1;Zone 21204146032;0;0;0
2095;1;Zone 21204146033;0;0;0
2096;1;Zone 21204146034;0;0;0
2097;1;Zone 21204146035;0;0;0
2098;1;Zone 21205131901;0;0;0
2099;1;Zone 21205131902;0;0;0
2100;1;Zone 21205131903;0;0;0
2101;1;Zone 21205131904;0;0;0
2102;1;Zone 21205131905;0;0;0
2103;1;Zone 21205131906;0;0;0
2104;1;Zone 21205131907;0;0;0
2105;1;Zone 21205131908;0;0;0
2106;1;Zone 21205131909;0;0;0
2107;1;Zone 21205131910;0;0;0
2108;1;Zone 21205131911;0;0;0
2109;1;Zone 21205131912;0;0;0
2110;1;Zone 21205131913;0;0;0
2111;1;Zone 21205131914;0;0;0
2112;1;Zone 21205131915;0;0;0
2113;1;Zone 21205131916;0;0;0
2114;1;Zone 21205131917;0;0;0
2115;1;Zone 21205131918;0;0;0
2116;1;Zone 21205131919;0;0;0
2117;1;Zone 21205131920;0;0;0
2118;1;Zone 21205131921;0;0;0
2119;1;Zone 21205131922;0;0;0
2120;1;Zone 21205131923;0;0;0
2121;1;Zone 21205131924;0;0;0
2122;1;Zone 21205131925;0;0;0
2123;1;Zone 21205131926;0;0;0
2124;1;Zone 21205131927;0;0;0
2125;1;Zone 21205131928;0;0;0
2126;1;Zone 21205131929;0;0;0
2127;1;Zone 21205131930;0;0;0
2128;1;Zone 21205131932;0;0;0
2129;1;Zone 21205131933;0;0;0
2130;1;Zone 21205131934;0;0;0
2131;1;Zone 21205131935;0;0;0
2132;1;Zone 21205131936;0;0;0
2133;1;Zone 21205131937;0;0;0
2134;1;Zone 21205131938;0;0;0
2135;1;Zone 21205131939;0;0;0
2136;1;Zone 21205131940;0;0;0
2137;1;Zone 21205131941;0;0;0
2138;1;Zone 21205132001;0;0;0
2139;1;Zone 21205132002;0;0;0
2140;1;Zone 21205132003;0;0;0
2141;1;Zone 21205132004;0;0;0
2142;1;Zone 21205132005;0;0;0
2143;1;Zone 21205132006;0;0;0
2144;1;Zone 21205132007;0;0;0
2145;1;Zone 21205132008;0;0;0
2146;1;Zone 21205132009;0;0;0
2147;1;Zone 21205132010;0;0;0
2148;1;Zone 21205132011;0;0;0
2149;1;Zone 21205132012;0;0;0
2150;1;Zone 21205132013;0;0;0
2151;1;Zone 21205132014;0;0;0
2152;1;Zone 21205132015;0;0;0
2153;1;Zone 21205132016;0;0;0
2154;1;Zone 21205132017;0;0;0
2155;1;Zone 21205132018;0;0;0
2156;1;Zone 21205132019;0;0;0
2157;1;Zone 21205132020;0;0;0
2158;1;Zone 21205132021;0;0;0
2159;1;Zone 21205132022;0;0;0
2160;1;Zone 21205132023;0;0;0
2161;1;Zone 21205132024;0;0;0
2162;1;Zone 21205132025;0;0;0
2163;1;Zone 21205132026;0;0;0
2164;1;Zone 21205132027;0;0;0
2165;1;Zone 21205132029;0;0;0
2166;1;Zone 21205132030;0;0;0
2167;1;Zone 21205132031;0;0;0
2168;1;Zone 21205132032;0;0;0
2169;1;Zone 21205132033;0;0;0
2170;1;Zone 21205132035;0;0;0
2171;1;Zone 21205132036;0;0;0
2172;1;Zone 21205132037;0;0;0
2173;1;Zone 21205132038;0;0;0
2174;1;Zone 21205132039;0;0;0
2175;1;Zone 21205132040;0;0;0
2176;1;Zone 21205132041;0;0;0
2177;1;Zone 21205132042;0;0;0
2178;1;Zone 21205132043;0;0;0
2179;1;Zone 21205132101;0;0;0
2180;1;Zone 21205132102;0;0;0
2181;1;Zone 21205132103;0;0;0
2182;1;Zone 21205132104;0;0;0
2183;1;Zone 21205132105;0;0;0
2184;1;Zone 21205132106;0;0;0
2185;1;Zone 21205132107;0;0;0
2186;1;Zone 21205132108;0;0;0
2187;1;Zone 21205132109;0;0;0
2188;1;Zone 21205132110;0;0;0
2189;1;Zone 21205132111;0;0;0
2190;1;Zone 21205132112;0;0;0
2191;1;Zone 21205132113;0;0;0
2192;1;Zone 21205132114;0;0;0
2193;1;Zone 21205132115;0;0;0
2194;1;Zone 21205132116;0;0;0
2195;1;Zone 21205132117;0;0;0
2196;1;Zone 21205132118;0;0;0
2197;1;Zone 21205132119;0;0;0
2198;1;Zone 21205132120;0;0;0
2199;1;Zone 21205132121;0;0;0
2200;1;Zone 21205132122;0;0;0
2201;1;Zone 21205132123;0;0;0
2202;1;Zone 21205132124;0;0;0
2203;1;Zone 21205132125;0;0;0
2204;1;Zone 21205132126;0;0;0
2205;1;Zone 21205132127;0;0;0
2206;1;Zone 21205132128;0;0;0
2207;1;Zone 21205132129;0;0;0
2208;1;Zone 21205132130;0;0;0
2209;1;Zone 21205132131;0;0;0
2210;1;Zone 21205132132;0;0;0
2211;1;Zone 21205132133;0;0;0
2212;1;Zone 21205132134;0;0;0
2213;1;Zone 21205132135;0;0;0
2214;1;Zone 21205132136;0;0;0
2215;1;Zone 21205132137;0;0;0
2216;1;Zone 21205132138;0;0;0
2217;1;Zone 21205132139;0;0;0
2218;1;Zone 21205132140;0;0;0
2219;1;Zone 21205132141;0;0;0
2220;1;Zone 21205132142;0;0;0
2221;1;Zone 21205132143;0;0;0
2222;1;Zone 21205132144;0;0;0
2223;1;Zone 21205132145;0;0;0
2224;1;Zone 21205132146;0;0;0
2225;1;Zone 21205132147;0;0;0
2226;1;Zone 21205132148;0;0;0
2227;1;Zone 21205132149;0;0;0
2228;1;Zone 21205132150;0;0;0
2229;1;Zone 21205132151;0;0;0
2230;1;Zone 21205132152;0;0;0
2231;1;Zone 21205132153;0;0;0
2232;1;Zone 21205132154;0;0;0
2233;1;Zone 21205132201;0;0;0
2234;1;Zone 21205132202;0;0;0
2235;1;Zone 21205132203;0;0;0
2236;1;Zone 21205132204;0;0;0
2237;1;Zone 21205132205;0;0;0
2238;1;Zone 21205132206;0;0;0
2239;1;Zone 21205132207;0;0;0
2240;1;Zone 21205132208;0;0;0
2241;1;Zone 21205132209;0;0;0
2242;1;Zone 21205132210;0;0;0
2243;1;Zone 21205132211;0;0;0
2244;1;Zone 21205132212;0;0;0
2245;1;Zone 21205132213;0;0;0
2246;1;Zone 21205132214;0;0;0
2247;1;Zone 21205132215;0;0;0
2248;1;Zone 21205132216;0;0;0
2249;1;Zone 21205132217;0;0;0
2250;1;Zone 21205132218;0;0;0
2251;1;Zone 21205132219;0;0;0
2252;1;Zone 21205132220;0;0;0
2253;1;Zone 21205132221;0;0;0
2254;1;Zone 21205132222;0;0;0
2255;1;Zone 21205132223;0;0;0
2256;1;Zone 21205132224;0;0;0
2257;1;Zone 21205132225;0;0;0
2258;1;Zone 21205132226;0;0;0
2259;1;Zone 21205132227;0;0;0
2260;1;Zone 21205132228;0;0;0
2261;1;Zone 21205132229;0;0;0
2262;1;Zone 21205132230;0;0;0
2263;1;Zone 21205132231;0;0;0
2264;1;Zone 21205132232;0;0;0
2265;1;Zone 21205132233;0;0;0
2266;1;Zone 21205132234;0;0;0
2267;1;Zone 21205132235;0;0;0
2268;1;Zone 21205132236;0;0;0
2269;1;Zone 21205132237;0;0;0
2270;1;Zone 21205132238;0;0;0
2271;1;Zone 21205132239;0;0;0
2272;1;Zone 21205132240;0;0;0
2273;1;Zone 21205132241;0;0;0
2274;1;Zone 21205132242;0;0;0
2275;1;Zone 21205132243;0;0;0
2276;1;Zone 21205132244;0;0;0
2277;1;Zone 21205132245;0;0;0
2278;1;Zone 21205132246;0;0;0
2279;1;Zone 21205132247;0;0;0
2280;1;Zone 21205132248;0;0;0
2281;1;Zone 21205132249;0;0;0
2282;1;Zone 21205132250;0;0;0
2283;1;Zone 21205132251;0;0;0
2284;1;Zone 21205132252;0;0;0
2285;1;Zone 21205132301;0;0;0
2286;1;Zone 21205132302;0;0;0
2287;1;Zone 21205132303;0;0;0
2288;1;Zone 21205132304;0;0;0
2289;1;Zone 21205132305;0;0;0
2290;1;Zone 21205132306;0;0;0
2291;1;Zone 21205132307;0;0;0
2292;1;Zone 21205132308;0;0;0
2293;1;Zone 21205132309;0;0;0
2294;1;Zone 21205132310;0;0;0
2295;1;Zone 21205132311;0;0;0
2296;1;Zone 21205132312;0;0;0
2297;1;Zone 21205132313;0;0;0
2298;1;Zone 21205132314;0;0;0
2299;1;Zone 21205132315;0;0;0
2300;1;Zone 21205132316;0;0;0
2301;1;Zone 21205132317;0;0;0
2302;1;Zone 21205132318;0;0;0
2303;1;Zone 21205132319;0;0;0
2304;1;Zone 21205132320;0;0;0
2305;1;Zone 21205132321;0;0;0
2306;1;Zone 21205132322;0;0;0
2307;1;Zone 21205132323;0;0;0
2308;1;Zone 21205132324;0;0;0
2309;1;Zone 21205132325;0;0;0
2310;1;Zone 21205132326;0;0;0
2311;1;Zone 21205132327;0;0;0
2312;1;Zone 21205132328;0;0;0
2313;1;Zone 21205132329;0;0;0
2314;1;Zone 21205132330;0;0;0
2315;1;Zone 21205132331;0;0;0
2316;1;Zone 21205132332;0;0;0
2317;1;Zone 21205132333;0;0;0
2318;1;Zone 21205132334;0;0;0
2319;1;Zone 21205132335;0;0;0
2320;1;Zone 21205132336;0;0;0
2321;1;Zone 21205132337;0;0;0
2322;1;Zone 21205132401;0;0;0
2323;1;Zone 21205132402;0;0;0
2324;1;Zone 21205132403;0;0;0
2325;1;Zone 21205132404;0;0;0
2326;1;Zone 21205132405;0;0;0
2327;1;Zone 21205132406;0;0;0
2328;1;Zone 21205132407;0;0;0
2329;1;Zone 21205132408;0;0;0
2330;1;Zone 21205132409;0;0;0
2331;1;Zone 21205132410;0;0;0
2332;1;Zone 21205132411;0;0;0
2333;1;Zone 21205132412;0;0;0
2334;1;Zone 21205132413;0;0;0
2335;1;Zone 21205132414;0;0;0
2336;1;Zone 21205132415;0;0;0
2337;1;Zone 21205132416;0;0;0
2338;1;Zone 21205132417;0;0;0
2339;1;Zone 21205132418;0;0;0
2340;1;Zone 21205132419;0;0;0
2341;1;Zone 21205132420;0;0;0
2342;1;Zone 21205132421;0;0;0
2343;1;Zone 21205132422;0;0;0
2344;1;Zone 21205132423;0;0;0
2345;1;Zone 21205132424;0;0;0
2346;1;Zone 21205132425;0;0;0
2347;1;Zone 21205132426;0;0;0
2348;1;Zone 21205132427;0;0;0
2349;1;Zone 21205132428;0;0;0
2350;1;Zone 21205132429;0;0;0
2351;1;Zone 21205132430;0;0;0
2352;1;Zone 21205132431;0;0;0
2353;1;Zone 21205132432;0;0;0
2354;1;Zone 21205132433;0;0;0
2355;1;Zone 21205132434;0;0;0
2356;1;Zone 21205132435;0;0;0
2357;1;Zone 21205132436;0;0;0
2358;1;Zone 21205132437;0;0;0
2359;1;Zone 21205132438;0;0;0
2360;1;Zone 21205132439;0;0;0
2361;1;Zone 21205132440;0;0;0
2362;1;Zone 21205132441;0;0;0
2363;1;Zone 21205132501;0;0;0
2364;1;Zone 21205132502;0;0;0
2365;1;Zone 21205132503;0;0;0
2366;1;Zone 21205132504;0;0;0
2367;1;Zone 21205132505;0;0;0
2368;1;Zone 21205132506;0;0;0
2369;1;Zone 21205132507;0;0;0
2370;1;Zone 21205132508;0;0;0
2371;1;Zone 21205132509;0;0;0
2372;1;Zone 21205132510;0;0;0
2373;1;Zone 21205132511;0;0;0
2374;1;Zone 21205132512;0;0;0
2375;1;Zone 21205132513;0;0;0
2376;1;Zone 21205132514;0;0;0
2377;1;Zone 21205132515;0;0;0
2378;1;Zone 21205132516;0;0;0
2379;1;Zone 21205132518;0;0;0
2380;1;Zone 21205132519;0;0;0
2381;1;Zone 21205132520;0;0;0
2382;1;Zone 21205132521;0;0;0
2383;1;Zone 21205132522;0;0;0
2384;1;Zone 21205132523;0;0;0
2385;1;Zone 21205132525;0;0;0
2386;1;Zone 21205132526;0;0;0
2387;1;Zone 21205132527;0;0;0
2388;1;Zone 21205132528;0;0;0
2389;1;Zone 21205132529;0;0;0
2390;1;Zone 21205132530;0;0;0
2391;1;Zone 21205132531;0;0;0
2392;1;Zone 21205132532;0;0;0
2393;1;Zone 21205132533;0;0;0
2394;1;Zone 21205132534;0;0;0
2395;1;Zone 21205132535;0;0;0
2396;1;Zone 21205132536;0;0;0
2397;1;Zone 21205132537;0;0;0
2398;1;Zone 21205132538;0;0;0
2399;1;Zone 21205132539;0;0;0
2400;1;Zone 21205132540;0;0;0
2401;1;Zone 21205132541;0;0;0
2402;1;Zone 21205132542;0;0;0
2403;1;Zone 21205132543;0;0;0
2404;1;Zone 21205132544;0;0;0
2405;1;Zone 21205132545;0;0;0
2406;1;Zone 21205132546;0;0;0
2407;1;Zone 21205132547;0;0;0
2408;1;Zone 21205132548;0;0;0
2409;1;Zone 21205132601;0;0;0
2410;1;Zone 21205132602;0;0;0
2411;1;Zone 21205132603;0;0;0
2412;1;Zone 21205132604;0;0;0
2413;1;Zone 21205132605;0;0;0
2414;1;Zone 21205132606;0;0;0
2415;1;Zone 21205132607;0;0;0
2416;1;Zone 21205132608;0;0;0
2417;1;Zone 21205132609;0;0;0
2418;1;Zone 21205132610;0;0;0
2419;1;Zone 21205132611;0;0;0
2420;1;Zone 21205132612;0;0;0
2421;1;Zone 21205132613;0;0;0
2422;1;Zone 21205132614;0;0;0
2423;1;Zone 21205132615;0;0;0
2424;1;Zone 21205132616;0;0;0
2425;1;Zone 21205132617;0;0;0
2426;1;Zone 21205132618;0;0;0
2427;1;Zone 21205132619;0;0;0
2428;1;Zone 21205132620;0;0;0
2429;1;Zone 21205132621;0;0;0
2430;1;Zone 21205132622;0;0;0
2431;1;Zone 21205132623;0;0;0
2432;1;Zone 21205132624;0;0;0
2433;1;Zone 21205132625;0;0;0
2434;1;Zone 21205132626;0;0;0
2435;1;Zone 21205132627;0;0;0
2436;1;Zone 21205132628;0;0;0
2437;1;Zone 21205132629;0;0;0
2438;1;Zone 21205132630;0;0;0
2439;1;Zone 21205132631;0;0;0
2440;1;Zone 21205132632;0;0;0
2441;1;Zone 21205132633;0;0;0
2442;1;Zone 21205132634;0;0;0
2443;1;Zone 21205132635;0;0;0
2444;1;Zone 21205132636;0;0;0
2445;1;Zone 21205132637;0;0;0
2446;1;Zone 21205132638;0;0;0
2447;1;Zone 21205132639;0;0;0
2448;1;Zone 21205132640;0;0;0
2449;1;Zone 21205132641;0;0;0
2450;1;Zone 21205132642;0;0;0
2451;1;Zone 21205132643;0;0;0
2452;1;Zone 21205132644;0;0;0
2453;1;Zone 21205132645;0;0;0
2454;1;Zone 21205132646;0;0;0
2455;1;Zone 21205132647;0;0;0
2456;1;Zone 21205132648;0;0;0
2457;1;Zone 21205132649;0;0;0
2458;1;Zone 21205132650;0;0;0
2459;1;Zone 21205132651;0;0;0
2460;1;Zone 21205132652;0;0;0
2461;1;Zone 21205132653;0;0;0
2462;1;Zone 21205132701;0;0;0
2463;1;Zone 21205132702;0;0;0
2464;1;Zone 21205132703;0;0;0
2465;1;Zone 21205132704;0;0;0
2466;1;Zone 21205132705;0;0;0
2467;1;Zone 21205132706;0;0;0
2468;1;Zone 21205132707;0;0;0
2469;1;Zone 21205132708;0;0;0
2470;1;Zone 21205132709;0;0;0
2471;1;Zone 21205132710;0;0;0
2472;1;Zone 21205132711;0;0;0
2473;1;Zone 21205132712;0;0;0
2474;1;Zone 21205132713;0;0;0
2475;1;Zone 21205132714;0;0;0
2476;1;Zone 21205132715;0;0;0
2477;1;Zone 21205132716;0;0;0
2478;1;Zone 21205132717;0;0;0
2479;1;Zone 21205132718;0;0;0
2480;1;Zone 21205132719;0;0;0
2481;1;Zone 21205132720;0;0;0
2482;1;Zone 21205132721;0;0;0
2483;1;Zone 21205132722;0;0;0
2484;1;Zone 21205132723;0;0;0
2485;1;Zone 21205132724;0;0;0
2486;1;Zone 21205132725;0;0;0
2487;1;Zone 21205132726;0;0;0
2488;1;Zone 21205132727;0;0;0
2489;1;Zone 21205132728;0;0;0
2490;1;Zone 21205132729;0;0;0
2491;1;Zone 21205132730;0;0;0
2492;1;Zone 21205132731;0;0;0
2493;1;Zone 21205132732;0;0;0
2494;1;Zone 21205132733;0;0;0
2495;1;Zone 21205132734;0;0;0
2496;1;Zone 21205132735;0;0;0
2497;1;Zone 21205132736;0;0;0
2498;1;Zone 21205132737;0;0;0
2499;1;Zone 21205132738;0;0;0
2500;1;Zone 21205132739;0;0;0
2501;1;Zone 21205132740;0;0;0
2502;1;Zone 21205132741;0;0;0
2503;1;Zone 21205132742;0;0;0
2504;1;Zone 21205132743;0;0;0
2505;1;Zone 21205132744;0;0;0
2506;1;Zone 21205132745;0;0;0
2507;1;Zone 21205132746;0;0;0
2508;1;Zone 21205132747;0;0;0
2509;1;Zone 21205132748;0;0;0
